,CAS,logBCF,Dataset,SMILES
0,206-44-0,3.5,uci,c1ccc2c3c1c1ccccc1c3ccc2
1,4821-19-6,3.07,uci,Oc1c(cccc1C1CCCCC1)C1CCCCC1
2,50-29-3,3.95,uci,ClC(C(c1ccc(cc1)Cl)c1ccc(cc1)Cl)(Cl)Cl
3,500-28-7,1.55,uci,O=[N+]([O-])c1ccc(OP(OC)(OC)=S)cc1Cl
4,496-10-6,2.91,uci,C1C2C(CC1)CCCC2
5,493-01-6/493-02-7,3.37,uci,C1CCC2CCCCC2(C1)
6,4904-61-4,3.91,uci,C1CC=CCCC=CCCC=C1
7,4883-72-1,0.45,uci,ON(C1CCCCC1)N=O
8,488-23-3,2.82,uci,Cc1c(ccc(c1C)C)C
9,482-89-3,0.46,uci,O=C1c4ccccc4(NC1=C2Nc3ccccc3(C2(=O)))
10,479-27-6,0.78,uci,Nc1cccc2cccc(c12)N
11,50-31-7,0.31,uci,Clc1c(ccc(c1C(=O)O)Cl)Cl
12,475-03-6,3.33,uci,Cc1ccc2c(c1)CCCC2(C)C
13,47377-16-2,0.52,uci,OS(=O)(=O)c1ccc(cc1)CCCCCCCCCCCCCC
14,471-77-2,2.17,uci,O=C(O)C2(C)(CCCC3(C)(C1C(=CC(=C(C)C)CC1)CCC23))
15,4685-14-7,0.28,uci,C[n+]1ccc(cc1)c1cc[n+](cc1)C
16,462-08-8,0.07,uci,Nc1cnccc1
17,461-58-5,0.24,uci,NC(=N)NC#N
18,43222-48-6,1.3,uci,c1ccc(cc1)c3cc(c2ccccc2)[n+](n3C)C
19,43121-43-3,1.81,uci,O=C(C(Oc1ccc(cc1)Cl)n2ncnc2)C(C)(C)C
20,50-30-6,0.02,uci,O=C(O)c1c(cccc1Cl)Cl
21,50-32-8,2.73,uci,c1cc2c3c4c(cc5c(c14)cccc5)ccc3ccc2
22,59722-76-8,2.02,uci,O=C1c2ccccc2C(=O)c2c1c(cc(c2N)Oc1ccc(cc1)Br)O
23,51235-04-2,0.84,uci,O=C1N=C(N(C(=O)N1C2CCCCC2)C)N(C)C
24,52315-07-8,2.5,uci,N#CC(OC(=O)C1C(C=C(Cl)Cl)C1(C)(C))c3cccc(Oc2ccccc2)c3
25,51892-26-3,3.97,uci,O(c1ccccc1)c2ccc(cc2Cl)Cl
26,51630-58-1,3.01,uci,N#CC(OC(=O)C(c1ccc(cc1)Cl)C(C)C)c3cccc(Oc2ccccc2)c3
27,51-44-5,0.1,uci,O=C(O)c1ccc(c(c1)Cl)Cl
28,514-10-3,1.97,uci,O=C(O)C2(C)(CCCC3(C)(C1C(C=C(CC1)C(C)C)=CCC23))
29,51-28-5,0.31,uci,Oc1c(cc(cc1)[N+](=O)[O-])[N+](=O)[O-]
30,512-56-1,-0.06,uci,O=P(OC)(OC)OC
31,5124-25-4,1.58,uci,O=[N+](c1c(ccc(c1)S(=O)(=O)Nc1ccccc1)Nc1ccccc1)[O-]
32,51207-31-9,3.69,uci,Clc1cc2c(oc3c2cc(c(c3)Cl)Cl)cc1Cl
33,50375-10-5,2.53,uci,O(c1c(ccc(c1Cl)Cl)Cl)C
34,510-15-6,2.71,uci,OC(c1ccc(cc1)Cl)(c1ccc(cc1)Cl)C(=O)OCC
35,50925-42-3,0.5,uci,O=S(=O)(O)c7cccc6c7(cc(N=Nc1ccc(cc1C)Nc2nc(nc(n2)NCCO)Nc5ccc(N=Nc4cc3c(cccc3S(=O)(=O)O)c(c4)S(=O)(=O)O)c(c5)C)cc6S(=O)(=O)O)
36,50876-32-9,3.65,uci,CC1(CC(CC(C1)C)C)C
37,50853-70-8,0.74,uci,CC1=CC2CC1C(C2C(=O)O)C(=O)O
38,50512-35-1,1.57,uci,O=C(OC(C)C)C(C(=O)OC(C)C)=C1SCCS1
39,504-29-0,1.04,uci,Nc1ncccc1
40,504-24-5,0.44,uci,Nc1ccncc1
41,504-03-0,0.45,uci,N1C(C)CCCC1C
42,4292-75-5,3.29,uci,CCCCCCC1CCCCC1
43,42874-03-3,3.21,uci,O=[N+]([O-])c2ccc(Oc1ccc(cc1Cl)C(F)(F)F)cc2(OCC)
44,42576-02-3,3.18,uci,O=C(OC)c2cc(Oc1ccc(cc1Cl)Cl)ccc2[N+](=O)[O-]
45,38411-22-2,5.43,uci,Clc1ccc(c(c1c1c(Cl)ccc(c1Cl)Cl)Cl)Cl
46,39227-28-6,4.0,uci,O1c3ccc(c(c3(Oc2c1c(c(c(c2Cl)Cl)Cl)Cl))Cl)Cl
47,39001-02-0,2.89,uci,o1c3c(c2c1c(c(c(c2Cl)Cl)Cl)Cl)c(c(c(c3Cl)Cl)Cl)Cl
48,3864-99-1,3.57,uci,Oc1c(cc(cc1C(C)(C)C)C(C)(C)C)n1nc2c(n1)cc(cc2)Cl
49,38640-62-9,3.27,uci,c2cc1ccc(cc1c(c2)C(C)C)C(C)C
50,3846-71-7,3.68,uci,Oc1c(cc(cc1C(C)(C)C)C(C)(C)C)n2nc3ccccc3(n2)
51,38444-93-8,4.2,uci,Clc1c(cccc1Cl)c1c(c(ccc1)Cl)Cl
52,38444-90-5,4.58,uci,Clc1ccc(cc1)c1ccc(c(c1)Cl)Cl
53,38444-86-9,4.57,uci,Clc1cc(ccc1Cl)c1ccccc1Cl
54,38380-08-4,5.88,uci,Clc1ccc(cc1Cl)c1cc(Cl)c(c(c1Cl)Cl)Cl
55,42240-73-3,3.41,uci,Nc2ccc(c1ccc(N)c(c1Cl)Cl)c(c2Cl)Cl
56,38380-07-3,5.77,uci,Clc1c(ccc(c1Cl)Cl)c1ccc(c(c1Cl)Cl)Cl
57,38380-03-9,5.18,uci,Clc1cc(ccc1Cl)c1c(Cl)ccc(c1Cl)Cl
58,38380-02-8,4.7,uci,Clc1c(ccc(c1Cl)Cl)c1cc(ccc1Cl)Cl
59,3811-49-2,1.35,uci,O2c1ccccc1COP2(OC)=S
60,37680-73-2,5.05,uci,Clc1c(cc(c(c1)Cl)Cl)c1cc(ccc1Cl)Cl
61,37680-65-2,4.23,uci,c1ccc(c(c1)c2cc(ccc2Cl)Cl)Cl
62,3766-81-2,0.94,uci,O=C(Oc1ccccc1C(C)CC)NC
63,3761-42-0,0.5,uci,O=S(=O)(c1ccc(OP(OC)(OC)=S)cc1C)C
64,39227-58-2,2.83,uci,Clc1c(cc(c2c1Oc1c(cccc1)O2)Cl)Cl
65,39515-41-8/64257-84-7,3.04,uci,N#CC(OC(=O)C1C(C)(C)C1(C)(C))c3cccc(Oc2ccccc2)c3
66,39569-21-6,3.98,uci,Cc1c(c(c(c(c1Cl)Br)Br)Br)Br
67,39807-15-3,2.82,uci,O=C1OC(=NN1c2cc(OCC#C)c(cc2Cl)Cl)C(C)(C)C
68,4175-54-6,3.12,uci,CC1c2ccccc2C(CC1)C
69,4162-45-2,2.26,uci,OCCOc1c(cc(cc1Br)C(c2cc(c(OCCO)c(c2)Br)Br)(C)C)Br
70,41483-43-6,2.27,uci,O=S(=O)(Oc1nc(nc(c1CCCC)C)NCC)N(C)C
71,41464-51-1,5.43,uci,Clc1cc(Cl)c(cc1c1cccc(c1Cl)Cl)Cl
72,41464-42-0,4.85,uci,Clc1c(cc(cc1)Cl)c1cc(cc(c1)Cl)Cl
73,41464-41-9,4.46,uci,Clc1c(cc(cc1)Cl)c1c(cccc1Cl)Cl
74,41464-40-8,4.26,uci,Clc1ccc(cc1c1c(cc(cc1)Cl)Cl)Cl
75,41464-39-5,4.84,uci,c2cc(c1cc(ccc1Cl)Cl)c(c(c2)Cl)Cl
76,4130-42-1,3.53,uci,Oc1c(cc(cc1C(C)(C)C)CC)C(C)(C)C
77,41122-70-7,3.59,uci,N#Cc1ccc(cc1)c2ccc(cc2)CCCCCC
78,41083-11-8,3.88,uci,n1cnn(c1)[Sn](C2CCCCC2)(C3CCCCC3)C4CCCCC4
79,4101-68-2,1.93,uci,BrCCCCCCCCCCBr
80,40690-89-9,0.83,uci,N#CCCN(c1ccc(cc1)N=Nc1ccc(cc1)[N+](=O)[O-])CCOC(=O)c1ccccc1
81,4051-66-5,1.48,uci,O=C(NCCCCCCCCCCCCCCCCCC)NCCCCCCCCCCCCCCCCCC
82,40487-42-1,3.71,uci,O=[N+]([O-])c1cc(c(c(c1(NC(CC)CC))[N+](=O)[O-])C)C
83,40321-76-4,4.26,uci,O1c3cc(c(cc3(Oc2c1cc(c(c2Cl)Cl)Cl))Cl)Cl
84,40186-71-8,5.88,uci,Clc1cc(Cl)c(c(c1Cl)Cl)c1c(Cl)c(Cl)cc(c1Cl)Cl
85,52322-80-2,3.64,uci,O(c1ccccc1)c2cc(c(cc2Cl)Cl)Cl
86,52663-63-5,5.54,uci,c1cc(c(cc1Cl)c2c(c(cc(c2Cl)Cl)Cl)Cl)Cl
87,526-73-8,2.31,uci,c1cc(c(c(c1)C)C)C
88,57117-41-6,3.58,uci,o2c1cc(c(cc1c3c2cc(c(c3Cl)Cl)Cl)Cl)Cl
89,57653-85-7,3.93,uci,O1c3cc(c(c(c3(Oc2cc(c(c(c12)Cl)Cl)Cl))Cl)Cl)Cl
90,576-24-9,1.23,uci,Clc1c(cccc1Cl)O
91,57567-84-7,0.11,uci,O=C(O)C1CCC(C)CC1(C(=O)O)
92,575-41-7,3.37,uci,Cc1cc(cc2c1cccc2)C
93,57465-28-8,4.68,uci,Clc1c(ccc(c1)c1cc(c(c(c1)Cl)Cl)Cl)Cl
94,57-15-8,0.27,uci,CC(C(Cl)(Cl)Cl)(C)O
95,57117-44-9,3.94,uci,o2c1cc(c(c(c1c3cc(c(c(c23)Cl)Cl)Cl)Cl)Cl)Cl
96,57117-43-8,3.57,uci,o2c1c(ccc(c1Cl)Cl)c3cc(c(c(c23)Cl)Cl)Cl
97,57117-39-2,2.72,uci,o2c1cc(c(cc1c3ccc(c(c23)Cl)Cl)Cl)Cl
98,56425-91-3,1.54,uci,FC(F)(F)Oc1ccc(cc1)C(O)(c2cncnc2)C(C)C
99,57117-31-4,4.13,uci,o2c1cc(c(cc1c3cc(c(c(c23)Cl)Cl)Cl)Cl)Cl
100,5707-44-8,2.82,uci,c1ccc(cc1)c2ccc(cc2)CC
101,57055-39-7,2.18,uci,O=C(O)C2(C)(CCCC3(c1cc(c(c(c1CCC23)Cl)C(C)C)Cl)(C))
102,57018-04-9,2.85,uci,O(c1c(cc(cc1Cl)C)Cl)P(OC)(OC)=S
103,569-64-2,1.86,uci,c1ccc(cc1)C(c2ccc(cc2)N(C)C)=C3C=CC(C=C3)=[N+](C)C
104,56-72-4,2.73,uci,CCOP(=S)(Oc1ccc2c(c1)oc(=O)c(c2C)Cl)OCC
105,56558-17-9,4.81,uci,Clc1c(cc(cc1)c1c(cc(cc1Cl)Cl)Cl)Cl
106,56558-16-8,4.81,uci,Clc1cc(cc(c1c1c(cccc1Cl)Cl)Cl)Cl
107,577-11-7,0.72,uci,O=C(OCC(CC)CCCC)CC(C(=O)OCC(CC)CCCC)S(=O)(=O)O
108,57-74-9,4.29,uci,ClC12C3C(C(C1(Cl)Cl)(C(=C2Cl)Cl)Cl)C(C(C3)Cl)Cl
109,57837-19-1,0.84,uci,O=C(OC)C(N(C(=O)COC)c1c(cccc1C)C)C
110,579-10-2,0.07,uci,CN(c1ccccc1)C(=O)C
111,59-50-7,0.98,uci,Cc1cc(ccc1Cl)O
112,59365-60-5,0.39,uci,Clc1c(cccc1)C(O)CO
113,59261-08-4,4.66,uci,c2c(cc(c(c1c(cc(cc1Br)Br)Br)c2Br)Br)Br
114,5915-41-3,0.84,uci,n1c(nc(nc1NC(C)(C)C)Cl)NCC
115,591-35-5,1.92,uci,Oc1cc(cc(c1)Cl)Cl
116,591-27-5,1.22,uci,Nc1cc(ccc1)O
117,591-20-8,1.1,uci,Oc1cccc(c1)Br
118,59080-37-4,4.97,uci,c2cc(c(c1c(cccc1Br)Br)c(c2)Br)Br
119,59080-33-0,3.87,uci,c1ccc(cc1)c2c(cc(cc2Br)Br)Br
120,59039-21-3,3.79,uci,Clc1c(ccc(c1)Cl)Oc1ccc(cc1)Cl
121,5902-51-2,0.78,uci,O=C1NC(=C(C(=O)N1C(C)(C)C)Cl)C
122,58-90-2,2.16,uci,Clc1c(c(cc(c1Cl)Cl)Cl)O
123,583-78-8,1.11,uci,Oc1c(ccc(c1)Cl)Cl
124,5835-26-7,1.63,uci,O=C(O)C1(C)(CCCC2(C)(C3C(=CCC12)CC(C=C)(C)CC3))
125,583-39-1,0.41,uci,SC1=Nc2c(cccc2)N1
126,581-40-8,2.71,uci,Cc1cc2c(cc1C)cccc2
127,57960-19-7,2.38,uci,O=C(OC=1C(=O)c2ccccc2(C(=O)C=1CCCCCCCCCCCC))C
128,56-55-3,2.48,uci,c1c2c(cc3ccc4c(c13)cccc4)cccc2
129,56-38-2,2.05,uci,O=[N+]([O-])c1ccc(OP(OCC)(OCC)=S)cc1
130,526-78-3,0.62,uci,O=C(C(C(C(=O)O)Br)Br)O
131,53-70-3,2.8,uci,c1c2c(cc3ccc4c(c13)cccc4)c1ccccc1cc2
132,5428-54-6,0.86,uci,O=[N+](c1cc(c(cc1)C)O)[O-]
133,542-18-7,2.35,uci,ClC1CCCCC1
134,541-73-1,2.44,uci,Clc1cc(ccc1)Cl
135,54135-82-9,3.09,uci,O(c1cc(c(c(c1)Cl)Cl)Cl)C
136,54135-81-8,3.07,uci,OCc1cc(cc(c1Cl)Cl)Cl
137,54135-80-7,2.96,uci,O(c1ccc(c(c1Cl)Cl)Cl)C
138,5409-83-6,3.66,uci,Clc1cc2c(oc3c2cc(cc3)Cl)cc1
139,538-75-0,0.09,uci,N(=C=NC1CCCCC1)C1CCCCC1
140,535-77-3,2.75,uci,CC(c1cc(ccc1)C)C
141,56-35-9,3.99,uci,CCCC[Sn](O[Sn](CCCC)(CCCC)CCCC)(CCCC)CCCC
142,534-52-1,0.25,uci,O=[N+]([O-])c1cc(c(O)c(c1)C)[N+](=O)[O-]
143,52918-63-5,2.83,uci,N#CC(OC(=O)C1C(C=C(Br)Br)C1(C)(C))c3cccc(Oc2ccccc2)c3
144,52888-80-9,2.84,uci,O=C(N(CCC)CCC)SCc1ccccc1
145,527-60-6,0.91,uci,Oc1c(cc(cc1C)C)C
146,527-20-8,2.71,uci,Nc1c(c(c(c(c1Cl)Cl)Cl)Cl)Cl
147,52712-05-7,5.93,uci,Clc1ccc(c(c1)c1c(Cl)c(Cl)c(c(c1Cl)Cl)Cl)Cl
148,52712-04-6,5.81,uci,Clc1ccc(c(c1)c1cc(Cl)c(c(c1Cl)Cl)Cl)Cl
149,52-68-6,-0.39,uci,COP(=O)(C(C(Cl)(Cl)Cl)O)OC
150,544-01-4,2.3,uci,CC(CCOCCC(C)C)C
151,544-76-3,2.68,uci,CCCCCCCCCCCCCCCC
152,5510-99-6,2.47,uci,Oc1c(cccc1C(CC)C)C(CC)C
153,55179-31-2/70585-36-3,2.31,uci,OC(C(Oc1ccc(cc1)c2ccccc2)n3ncnc3)C(C)(C)C
154,56348-72-2,4.43,uci,Clc1cc(ccc1Cl)Oc1ccc(c(c1)Cl)Cl
155,56-23-5,0.95,uci,ClC(Cl)(Cl)Cl
156,56113-42-9,0.49,uci,O=C(c1c(c(c(c(c1Cl)Cl)Cl)Cl)C(=O)O)N
157,5598-13-0,3.26,uci,n1c(OP(OC)(OC)=S)c(cc(c1Cl)Cl)Cl
158,5586-15-2,0.38,uci,c1ccc2cc(ccc2(c1))SSc3ccc4ccccc4(c3)
159,55720-37-1,4.43,uci,c1cc(cc2c1cc(cc2Cl)Cl)Cl
160,556-67-2,4.08,uci,O1[Si](O[Si](O[Si](O[Si]1(C)C)(C)C)(C)C)(C)C
161,5566-34-7,4.3,uci,C2(=C(C3(C1CC(CC1C2(C3(Cl)Cl)Cl)(Cl)Cl)Cl)Cl)Cl
162,55512-33-9,2.06,uci,O=C(Oc1cc(nnc1c2ccccc2)Cl)SCCCCCCCC
163,555-03-3,0.75,uci,O=[N+](c1cc(ccc1)OC)[O-]
164,554-84-7,1.4,uci,O=[N+]([O-])c1cccc(O)c1
165,554-00-7,1.38,uci,Clc1c(ccc(c1)Cl)N
166,55-38-9,2.39,uci,O(c1ccc(c(c1)C)SC)P(OC)(OC)=S
167,55335-06-3,-0.1,uci,O=C(O)COc1nc(c(cc1Cl)Cl)Cl
168,55290-64-7,0.63,uci,O=S1(=O)(C(=C(C)S(=O)(=O)CC1)C)
169,55285-14-8,3.0,uci,O=C(Oc2cccc1c2(OC(C)(C)C1))N(C)SN(CCCC)CCCC
170,55219-65-3,1.32,uci,OC(C(Oc1ccc(cc1)Cl)n2ncnc2)C(C)(C)C
171,3761-41-9,0.13,uci,O=S(c1ccc(OP(OC)(OC)=S)cc1C)C
172,376-06-7,4.26,uci,OC(=O)C(C(C(C(C(C(C(C(C(C(C(C(C(F)(F)F)(F)F)(F)F)(F)F)(F)F)(F)F)(F)F)(F)F)(F)F)(F)F)(F)F)(F)F)(F)F
173,375-95-1,3.4,uci,OC(=O)C(C(C(C(C(C(C(C(F)(F)F)(F)F)(F)F)(F)F)(F)F)(F)F)(F)F)(F)F
174,260-94-6,2.25,uci,n1c3ccccc3(cc2ccccc12)
175,26530-20-1,2.22,uci,O=C1C=CSN1CCCCCCCC
176,26444-49-5,2.51,uci,O=P(Oc1ccccc1)(Oc2ccccc2)Oc3ccccc3C
177,2642-71-9,2.27,uci,CCOP(=S)(OCC)SCN1C(=O)C2=CC=CC=C2N=N1
178,2636-26-2,1.56,uci,N#Cc1ccc(OP(OC)(OC)=S)cc1
179,2631-40-5,0.82,uci,CC(c1ccccc1OC(=O)NC)C
180,26306-61-6,1.95,uci,O(c1ccc(N)cc1)c2c(cc(cc2Cl)Cl)Cl
181,26259-45-0,1.2,uci,CCNc1nc(NC(CC)C)nc(n1)OC
182,26225-79-6,2.16,uci,O=S(=O)(Oc1ccc2OC(OCC)C(c2(c1))(C)C)C
183,26087-47-8,0.97,uci,O=P(OC(C)C)(OC(C)C)SCc1ccccc1
184,2531-84-2,3.48,uci,c1ccc3c(c1)ccc2cc(ccc23)C
185,26002-80-2,2.62,uci,CC(=CC1C(C1(C)C)C(=O)OCc1cccc(c1)Oc1ccccc1)C
186,2593-15-9,2.22,uci,n1c(nsc1OCC)C(Cl)(Cl)Cl
187,2581-34-2,1.16,uci,Cc1cc(ccc1[N+](=O)[O-])O
188,25638-17-9,0.18,uci,O=S(=O)(O)c2cccc1ccc(cc12)CCCC
189,25567-40-2,2.87,uci,Cc1ccc(c(c1)C(C)(C)C)O
190,2539-17-5,2.56,uci,Oc1c(OC)c(c(c(c1Cl)Cl)Cl)Cl
191,25339-17-7,2.51,uci,CC(CCCCCCCO)C
192,25321-14-6,1.09,uci,O=[N+]([O-])c1cccc(c1[N+](=O)[O-])C
193,26545-58-4,1.0,uci,O=S(=O)(O)c2cccc1cc(ccc12)Cc4ccc3c(cccc3S(=O)(=O)O)c4
194,2655-14-3,0.35,uci,Cc1cc(cc(c1)OC(=O)NC)C
195,26603-23-6,1.54,uci,c1cc(ccc1Nc2ccc(cc2)CCCCCCCC)CCCCCCCC
196,26630-87-5,1.22,uci,O=C(c1ccccc1)Nc1c(ccc(c1)N(CCOC(=O)C)CCOC(=O)C)N=NC1=Nc2ccc(cc2S1)Cl
197,283594-90-1,2.74,uci,O=C1OC3(C(OC(=O)CC(C)(C)C)=C1c2c(cc(cc2C)C)C)(CCCC3)
198,28299-29-8,0.22,uci,O=C(C(CC(=O)O)CCCCCCCCC=CCCCCCCCC)O
199,28249-77-6,2.25,uci,O=C(N(CC)CC)SCc1ccc(cc1)Cl
200,2814-20-2,0.11,uci,CC(C1=NC(=O)C=C(N1)C)C
201,28106-30-1,2.69,uci,CCc1ccccc1C=C
202,28076-73-5,4.14,uci,Clc1c(ccc(c1)Cl)Oc1c(cc(cc1)Cl)Cl
203,2764-72-9,0.76,uci,c1ccc[n+]2c1c1[n+](cc2)cccc1
204,27458-92-0,2.73,uci,CC(CCCCCCCCCCO)C
205,27314-13-2,1.45,uci,O=C1C(=C(C=NN1c2cccc(c2)C(F)(F)F)NC)Cl
206,26967-76-0,1.46,uci,O=P(Oc1ccc(cc1)C(C)C)(Oc1ccc(cc1)C(C)C)Oc1ccc(cc1)C(C)C
207,2691-41-0,-0.3,uci,O=[N+]([O-])N1CN([N+](=O)[O-])CN([N+](=O)[O-])CN([N+](=O)[O-])C1
208,26898-17-9,4.0,uci,c1ccc(cc1)Cc2ccc(c(c2)C)Cc3ccccc3
209,26787-65-5,1.27,uci,O=C(OCCO)CCCCCCCCCCCCCCCCCCCCCCCCCCC
210,26761-40-0,1.01,uci,O=C(c1c(cccc1)C(=O)OCCCCCCCC(C)C)OCCCCCCCC(C)C
211,2668-47-5,3.88,uci,Oc1c(cc(cc1C(C)(C)C)c1ccccc1)C(C)(C)C
212,2668-24-8,2.07,uci,Oc1c(OC)cc(c(c1Cl)Cl)Cl
213,26644-46-2,0.0,uci,O=CNC(N1CCN(CC1)C(NC=O)C(Cl)(Cl)Cl)C(Cl)(Cl)Cl
214,25321-09-9,3.26,uci,c1ccc(c(c1)C(C)C)C(C)C
215,25311-71-1,2.12,uci,O=C(OC(C)C)c1ccccc1(OP(OCC)(NC(C)C)=S)
216,28680-44-6,3.81,uci,C1(=C(C2(C(=C(C1(C2)Cl)Cl)Cl)Cl)Cl)Cl
217,217-59-4,2.41,uci,c1cccc2c1c1ccccc1c1c2cccc1
218,2255-17-6,0.44,uci,O=[N+]([O-])c1ccc(OP(=O)(OC)OC)cc1C
219,225-11-6,2.02,uci,n1c4ccccc4(cc3c1ccc2ccccc23)
220,2243-62-1,0.46,uci,Nc1c2c(ccc1)c(ccc2)N
221,2234-13-1,2.58,uci,c12(c(c(c(c(c1Cl)Cl)Cl)Cl)c(c(c(c2Cl)Cl)Cl)Cl)
222,22224-92-6,2.04,uci,O=P(Oc1ccc(c(c1)C)SC)(OCC)NC(C)C
223,2216-69-5,2.26,uci,COc1cccc2c1cccc2
224,220899-03-6,2.72,uci,O=C(c1c(OC)c(OC)c(OC)cc1C)c2c(OC)ccc(c2C)Br
225,218-01-9,2.24,uci,c1cc2ccccc2c2ccc3c(c12)cccc3
226,2173-57-1,2.87,uci,CC(COc1ccc2c(c1)cccc2)C
227,25154-54-5,1.16,uci,O=[N+]([O-])c1ccccc1[N+](=O)[O-]
228,2164-17-2,1.61,uci,O=C(Nc1cccc(c1)C(F)(F)F)N(C)C
229,21609-90-5,3.78,uci,O(c1cc(c(cc1Cl)Br)Cl)P(OC)(c2ccccc2)=S
230,21564-17-0,2.07,uci,N#CSCSC1=Nc2ccccc2S1
231,2136-99-4,5.82,uci,c2c(c(c(c1c(c(cc(c1Cl)Cl)Cl)Cl)c(c2Cl)Cl)Cl)Cl
232,2122-19-2,1.0,uci,N1C(NC(C)C1)=S
233,21087-64-9,1.02,uci,CC(C)(C)C1=NN=C(N(C1=O)N)SC
234,210631-68-8,-0.52,uci,O=C(c1cnn(c1(O))C)c3ccc(c(C2=NOCC2)c3C)S(=O)(=O)C
235,2104-96-3,2.12,uci,O(c1cc(c(cc1Cl)Br)Cl)P(OC)(OC)=S
236,226-36-8,2.03,uci,n3c5ccc1ccccc1c5(cc4ccc2ccccc2c34)
237,22907-72-8,3.5,uci,CC(C1CCC(CC1)C(C)C)C
238,23031-36-9,3.06,uci,C#CCC1=C(C)C(CC1=O)OC(=O)[C@H]1[C@@H](C1(C)C)C=C(C)C
239,2303-17-5,3.15,uci,O=C(N(C(C)C)C(C)C)SCC(=C(Cl)Cl)Cl
240,25154-52-3,2.19,uci,Oc1ccc(cc1)C(C)CC(C)CC(C)C
241,25057-89-0,1.32,uci,O=C1c2ccccc2(NS(=O)(=O)N1C(C)C)
242,2498-66-0,1.63,uci,O=C1c2c(ccc3c2cccc3)C(=O)c2c1cccc2
243,2465-27-2,1.07,uci,N=C(c1ccc(cc1)N(C)C)c2ccc(cc2)N(C)C
244,2463-84-5,1.89,uci,O=[N+]([O-])c1ccc(OP(OC)(OC)=S)c(c1)Cl
245,24579-73-5,1.73,uci,O=C(OCCC)NCCCN(C)C
246,2440-02-0,4.05,uci,C1(=C(C2(C(CC1(C2(Cl)Cl)Cl)Cl)Cl)Cl)Cl
247,2437-79-8,4.39,uci,c1cc(cc(c1c2ccc(cc2Cl)Cl)Cl)Cl
248,24019-05-4,1.9,uci,OS(=O)(=O)c1c(ccc(c1)Cl)Oc1c(cc(cc1)Cl)NC(=O)Nc1cc(c(cc1)Cl)Cl
249,2385-85-5,4.31,uci,C13(C4(C2(C5(C(C1(C2(Cl)Cl)Cl)(C3(C(C45Cl)(Cl)Cl)Cl)Cl)Cl)Cl)Cl)Cl
250,2381-21-7,2.73,uci,Cc1c2c3c4c(cccc4ccc3cc1)cc2
251,2371-42-8,1.48,uci,OC1(C)(CC2CCC1(C)C2(C)(C))
252,23184-66-9,0.38,uci,O=C(N(c1c(cccc1CC)CC)COCCCC)CCl
253,23135-22-0,0.3,uci,O=C(ON=C(C(=O)N(C)C)SC)NC
254,2312-35-8,4.14,uci,O=S(OCC#C)OC2CCCCC2(Oc1ccc(cc1)C(C)(C)C)
255,23103-98-2,1.38,uci,O=C(Oc1nc(nc(c1C)C)N(C)C)N(C)C
256,2310-17-0,2.26,uci,O=C2Oc1cc(ccc1N2CSP(OCC)(OCC)=S)Cl
257,28575-17-9,3.76,uci,c1cc(cc(c1)CC)c2cccc(c2)CC
258,28680-45-7,4.05,uci,C1=CC2(C(C1(C(C2(Cl)Cl)(Cl)Cl)Cl)Cl)Cl
259,374726-62-2,1.68,uci,O=C(NCCc1ccc(OCC#C)c(OC)c1)C(OCC#C)c2ccc(cc2)Cl
260,33576-92-0,1.89,uci,O(c1ccccc1)P(OC)(OC)=S
261,34643-46-4,3.77,uci,CCCSP(=S)(Oc1ccc(cc1Cl)Cl)OCC
262,346-10-1,0.49,uci,O=C(Nc1ccc(NC(=O)C(F)(F)C(F)(F)C(F)(F)F)c(O)c1)C(Oc2ccc(cc2C(C)(C)CC)C(C)(C)CC)CC
263,34256-82-1,1.3,uci,O=C(N(c1c(cccc1CC)C)COCC)CCl
264,34014-18-1,0.42,uci,O=C(NC)N(c1nnc(C(C)(C)C)s1)C
265,3389-71-7,3.81,uci,C1=CC2(C(=C(C1(C2(Cl)Cl)Cl)Cl)Cl)Cl
266,33857-26-0,2.47,uci,Clc1cc2c(cc1)Oc1c(ccc(c1)Cl)O2
267,3380-34-5,1.7,uci,Oc1cc(ccc1Oc1c(cc(cc1)Cl)Cl)Cl
268,33629-47-9,3.29,uci,O=[N+]([O-])c1cc(cc(c1(NC(C)CC))[N+](=O)[O-])C(C)(C)C
269,335-76-2,2.65,uci,OC(=O)C(C(C(C(C(C(C(C(C(F)(F)F)(F)F)(F)F)(F)F)(F)F)(F)F)(F)F)(F)F)(F)F
270,330-55-2,1.27,uci,Clc1c(ccc(c1)NC(=O)N(OC)C)Cl
271,335-67-1,3.12,uci,FC(C(C(C(C(=O)O)(F)F)(F)F)(F)F)(C(C(C(F)(F)F)(F)F)(F)F)F
272,3347-22-6,1.43,uci,N#CC2=C(C#N)SC=1C(=O)c3ccccc3(C(=O)C=1S2)
273,33423-92-6,3.76,uci,O1c3cc(cc(c3(Oc2c1cc(cc2Cl)Cl))Cl)Cl
274,3337-71-1,-0.12,uci,O=C(OC)NS(=O)(=O)c1ccc(N)cc1
275,333-41-5,1.8,uci,n1c(OP(OCC)(OCC)=S)cc(nc1C(C)C)C
276,33284-54-7,4.71,uci,Clc1c(c(c(cc1Cl)Cl)Cl)c1ccccc1
277,33284-53-6,4.39,uci,Clc1c(cc(c(c1Cl)Cl)Cl)c1ccccc1
278,3319-31-1,0.6,uci,O=C(c1c(ccc(c1)C(=O)OCC(CCCC)CC)C(=O)OCC(CCCC)CC)OCC(CCCC)CC
279,3481-20-7,2.52,uci,Nc1c(c(cc(c1Cl)Cl)Cl)Cl
280,34883-39-1,3.92,uci,Clc1c(cc(cc1)Cl)c1ccccc1
281,34883-41-5,3.44,uci,Clc1cc(cc(c1)c1ccccc1)Cl
282,35065-27-1,5.56,uci,c2c(c1cc(c(cc1Cl)Cl)Cl)c(cc(c2Cl)Cl)Cl
283,3674-75-7,2.71,uci,c1ccc2c(c1)cc(c3ccccc23)CC
284,36734-19-7,2.19,uci,O=C(NC(C)C)N2C(=O)N(c1cc(cc(c1)Cl)Cl)C(=O)C2
285,36559-22-5,4.53,uci,Clc1cc(ccc1c1c(c(ccc1)Cl)Cl)Cl
286,3648-21-3,0.88,uci,O=C(c1c(cccc1)C(=O)OCCCCCCC)OCCCCCCC
287,36335-67-8,2.46,uci,O=[N+]([O-])c1ccc(cc1(OP(OCC)(NC(C)CC)=S))C
288,361377-29-9,1.72,uci,Fc2c(ncnc2(Oc1ccccc1Cl))Oc4ccccc4(C(=NOC)C3=NOCCO3)
289,36065-30-2,4.32,uci,O(c1c(cc(cc1Br)Br)Br)CC(C)(CBr)Br
290,35860-37-8,3.7,uci,c2cc1c(cc(cc1C(C)C)C(C)C)c(c2)C(C)C
291,35822-46-9,3.67,uci,O1c3cc(c(c(c3(Oc2c1c(c(c(c2Cl)Cl)Cl)Cl))Cl)Cl)Cl
292,35694-08-7,5.81,uci,Clc1cc(c(c(c1Cl)Cl)Cl)c1cc(Cl)c(c(c1Cl)Cl)Cl
293,35693-99-3,4.45,uci,Clc1c(cc(cc1)Cl)c1c(ccc(c1)Cl)Cl
294,35554-44-0,1.81,uci,n1ccn(c1)CC(OCC=C)c2ccc(cc2Cl)Cl
295,355-46-4,3.6,uci,O=S(=O)(O)C(F)(F)C(F)(F)C(F)(F)C(F)(F)C(F)(F)C(F)(F)F
296,35367-38-5,2.35,uci,O=C(NC(=O)c1c(F)cccc1(F))Nc2ccc(cc2)Cl
297,3520-72-7,0.6,uci,O=C5N(N=C(C)C5(N=Nc1ccc(cc1Cl)c4ccc(N=NC2C(=O)N(NC2(C))c3ccccc3)c(c4)Cl))c6ccccc6
298,35065-29-3,6.06,uci,Clc1cc(Cl)c(cc1c1cc(Cl)c(c(c1Cl)Cl)Cl)Cl
299,35065-28-2,5.88,uci,Clc1cc(Cl)c(cc1c1ccc(c(c1Cl)Cl)Cl)Cl
300,33089-61-1,3.26,uci,N(=CN(C=Nc1ccc(cc1C)C)C)c2ccc(cc2C)C
301,330-54-1,0.95,uci,Clc1c(ccc(c1)NC(=O)N(C)C)Cl
302,2885-00-9,-0.04,uci,CCCCCCCCCCCCCCCCCCS
303,298-04-4,2.48,uci,O(CC)P(OCC)(=S)SCCSCC
304,306-52-5,0.08,uci,O=P(O)(O)OCC(Cl)(Cl)Cl
305,30560-19-1,-1.52,uci,O=C(NP(=O)(OC)SC)C
306,30171-80-3,1.11,uci,O(c1cc(c(c(c1)Br)Br)C)CC2OC2
307,3010-80-8,3.95,uci,OC(c1ccc(cc1)Cl)(c1ccc(cc1)Cl)c1ccc(cc1)Cl
308,300-76-5,0.93,uci,COP(=O)(OC(C(Br)(Cl)Cl)Br)OC
309,299-84-3,3.58,uci,O(c1cc(c(cc1Cl)Cl)Cl)P(OC)(OC)=S
310,298-07-7,0.62,uci,OP(=O)(OCC(CCCC)CC)OCC(CCCC)CC
311,298-06-6,0.45,uci,O(CC)P(OCC)(=S)S
312,298-02-2,2.68,uci,O(CC)P(OCC)(=S)SCSCC
313,3296-90-0,0.42,uci,OCC(CO)(CBr)CBr
314,298-00-0,1.89,uci,O=[N+]([O-])c1ccc(OP(OC)(OC)=S)cc1
315,29761-21-5,2.73,uci,O=P(Oc1ccccc1)(Oc1ccccc1)OCCCCCCCC(C)C
316,29690-50-9,3.58,uci,CC(C1C2C(CCC1)CCCC2)C
317,294-62-2,3.95,uci,C1CCCCCCCCCCC1
318,29446-15-9,2.88,uci,Clc1cc2c(cc1Cl)Oc1c(cccc1)O2
319,29253-36-9,2.78,uci,c1ccc2c(c1)cccc2C(C)C
320,2921-88-2,3.1,uci,n1c(OP(OCC)(OCC)=S)c(cc(c1Cl)Cl)Cl
321,29082-74-4,3.91,uci,c1(c(c(c(c(c1Cl)Cl)Cl)Cl)Cl)C(=C(Cl)Cl)Cl
322,30746-58-8,3.48,uci,Clc1c(c(c(c2c1Oc1c(cccc1)O2)Cl)Cl)Cl
323,3074-71-3,3.32,uci,CCCCC(C)C(C)C
324,307-55-1,4.31,uci,OC(=O)C(C(C(C(C(C(C(C(C(C(C(F)(F)F)(F)F)(F)F)(F)F)(F)F)(F)F)(F)F)(F)F)(F)F)(F)F)(F)F
325,3089-11-0,0.32,uci,COCN(c1nc(nc(n1)N(COC)COC)N(COC)COC)COC
326,328-84-7,3.18,uci,FC(F)(F)c1ccc(c(c1)Cl)Cl
327,32861-85-1,3.59,uci,O=[N+]([O-])c2ccc(Oc1ccc(cc1Cl)Cl)cc2(OC)
328,32774-16-6,5.97,uci,c1c(cc(c(c1Cl)Cl)Cl)c2cc(c(c(c2)Cl)Cl)Cl
329,3268-87-9,3.12,uci,O1c3c(Oc2c1c(c(c(c2Cl)Cl)Cl)Cl)c(c(c(c3Cl)Cl)Cl)Cl
330,32669-06-0,2.6,uci,ClCCOC(c1ccccc1)c1ccccc1
331,32598-14-4,4.28,uci,Clc1c(c(ccc1c1cc(c(cc1)Cl)Cl)Cl)Cl
332,32598-13-3,4.35,uci,Clc1c(ccc(c1)c1cc(c(cc1)Cl)Cl)Cl
333,32598-11-1,5.08,uci,c1cc(c(cc1c2cc(ccc2Cl)Cl)Cl)Cl
334,32598-10-0,4.56,uci,Clc1c(ccc(c1)Cl)c1cc(c(cc1)Cl)Cl
335,3229-00-3,2.17,uci,BrCC(CBr)(CBr)CBr
336,3209-22-1,2.16,uci,O=[N+]([O-])c1cccc(c1Cl)Cl
337,320-60-5,3.37,uci,FC(F)(F)c1ccc(cc1Cl)Cl
338,315-18-4,1.42,uci,O=C(Oc1cc(c(c(c1)C)N(C)C)C)NC
339,31508-00-6,4.38,uci,Clc1c(cc(c(c1)Cl)Cl)c1ccc(c(c1)Cl)Cl
340,314-40-9,0.6,uci,O=C1NC(=C(C(=O)N1C(C)CC)Br)C
341,311-89-7,1.3,uci,FC(N(C(C(C(C(F)(F)F)(F)F)(F)F)(F)F)C(C(C(C(F)(F)F)(F)F)(F)F)(F)F)(C(C(C(F)(F)F)(F)F)(F)F)F
342,309-00-2,3.82,uci,ClC12C(=C(C(C3C2C2C=CC3C2)(C1(Cl)Cl)Cl)Cl)Cl
343,59669-26-0,0.8,uci,O=C(ON=C(C)SC)N(C)SN(C(=O)ON=C(C)SC)C
344,60123-64-0,4.21,uci,Clc1c(cc(c(c1)Cl)Cl)Oc1ccc(cc1Cl)Cl
345,208-96-8,2.48,uci,c1cc2cccc3C=Cc(c1)c23
346,87-82-1,3.0,uci,c1(c(c(c(c(c1Br)Br)Br)Br)Br)Br
347,88-44-8,0.35,uci,O=S(=O)(O)c1cc(ccc1(N))C
348,883-20-5,2.56,uci,c1ccc2c(c1)cc(c3ccccc23)C
349,88-19-7,0.29,uci,Cc1c(cccc1)S(=O)(=O)N
350,88-06-2,1.92,uci,Oc1c(cc(cc1Cl)Cl)Cl
351,879-39-0,1.9,uci,O=[N+]([O-])c1cc(c(c(c1Cl)Cl)Cl)Cl
352,87-86-5,2.67,uci,Oc1c(c(c(c(c1Cl)Cl)Cl)Cl)Cl
353,87-84-3,2.43,uci,ClC1C(C(C(C(C1Br)Br)Br)Br)Br
354,87-83-2,2.45,uci,Cc1c(c(c(c(c1Br)Br)Br)Br)Br
355,87820-88-0,1.5,uci,O=C2C(C(=O)CC(c1c(cc(cc1C)C)C)C2)=C(NOCC)CC
356,88-72-2,1.3,uci,Cc1c(cccc1)[N+](=O)[O-]
357,877-11-2,3.83,uci,c1(c(c(c(c(c1Cl)Cl)Cl)Cl)Cl)C
358,877-10-1,3.62,uci,c1(c(c(c(c(c1Cl)Cl)C)Cl)Cl)C
359,87-68-3,3.82,uci,ClC(=C(Cl)Cl)C(=C(Cl)Cl)Cl
360,87-65-0,1.17,uci,Oc1c(cccc1Cl)Cl
361,87-61-6,2.89,uci,Clc1c(cccc1Cl)Cl
362,87-40-1,2.84,uci,O(c1c(cc(cc1Cl)Cl)Cl)C
363,873-63-2,1.32,uci,OCc1cccc(c1)Cl
364,872-05-9,3.22,uci,CCCCCCCCC=C
365,886-50-0,1.95,uci,CCNc1nc(SC)nc(n1)NC(C)(C)C
366,88-73-3,1.44,uci,Clc1c(cccc1)[N+](=O)[O-]
367,60123-65-1,4.08,uci,Clc1cc(ccc1Cl)Oc1c(cc(c(c1)Cl)Cl)Cl
368,900-95-8,3.4,uci,O=C(O[Sn](c1ccccc1)(c2ccccc2)c3ccccc3)C
369,90-94-8,1.52,uci,O=C(c1ccc(cc1)N(C)C)c2ccc(cc2)N(C)C
370,90-51-7,0.39,uci,Oc1cc(cc2c1cc(cc2)N)S(=O)(=O)O
371,90-43-7,1.34,uci,Oc1ccccc1c2ccccc2
372,90-41-5,1.44,uci,Nc1c(cccc1)c1ccccc1
373,90-30-2,3.28,uci,N(c1c2c(ccc1)cccc2)c1ccccc1
374,90-20-0,0.46,uci,O=S(=O)(O)c1cc(O)c2c(N)cc(cc2(c1))S(=O)(=O)O
375,9014-90-8,2.18,uci,O=S(=O)(O)OCCOCCOCCOCCOCCOCCOc1ccc(cc1)CCCCCCCCC
376,90-12-0,1.73,uci,c1ccc2c(c1)cccc2C
377,89-93-0,0.57,uci,Cc1ccccc1CN
378,88-74-4,0.85,uci,Nc1c(cccc1)[N+](=O)[O-]
379,89-69-0,1.84,uci,O=[N+]([O-])c1cc(c(cc1Cl)Cl)Cl
380,89-63-4,1.06,uci,Nc1c(cc(cc1)Cl)[N+](=O)[O-]
381,89-61-2,2.05,uci,O=[N+]([O-])c1cc(ccc1Cl)Cl
382,89-59-8,1.92,uci,O=[N+]([O-])c1cc(ccc1C)Cl
383,88-98-2,0.05,uci,OC(=O)C1C(CC=CC1)C(=O)O
384,88-89-1,0.1,uci,O=[N+]([O-])c1cc(c(O)c(c1)[N+](=O)[O-])[N+](=O)[O-]
385,88-85-7,1.14,uci,O=[N+]([O-])c1cc(c(O)c(c1)C(C)CC)[N+](=O)[O-]
386,88-75-5,1.17,uci,Oc1c(cccc1)[N+](=O)[O-]
387,87130-20-9,2.52,uci,O=C(OC(C)C)Nc1ccc(OCC)c(OCC)c1
388,87-02-5,0.11,uci,Oc1cc(cc2c1ccc(c2)N)S(=O)(=O)O
389,86-87-3,0.29,uci,OC(=O)Cc1c2c(ccc1)cccc2
390,82657-04-3,3.78,uci,O=C(C1C(C1(C)C)/C=C(/C(F)(F)F)\Cl)OCc1cccc(c1C)c1ccccc1
391,834-12-8,1.52,uci,n1c(nc(nc1NC(C)C)SC)NCC
392,83-32-9,2.92,uci,C1c2cccc3c2c(ccc3)C1
393,832-69-9,3.18,uci,Cc1cccc2c1ccc1c2cccc1
394,83164-33-4,3.11,uci,O=C(Nc1ccc(F)cc1(F))c3cccnc3(Oc2cccc(c2)C(F)(F)F)
395,83121-18-0,2.81,uci,O=C(NC(=O)c1c(F)cccc1(F))Nc2cc(c(F)c(c2(F))Cl)Cl
396,83055-99-6,0.2,uci,O=C(OC)c1ccccc1CS(=O)(=O)NC(=O)Nc2nc(OC)cc(n2)OC
397,829-26-5,3.0,uci,Cc1cc2c(cc1C)ccc(c2)C
398,82-68-8,2.74,uci,O=[N+]([O-])c1c(c(c(c(c1Cl)Cl)Cl)Cl)Cl
399,82560-54-1,1.95,uci,O=C(Oc2cccc1c2(OC(C)(C)C1))N(C)SN(CCC(=O)OCC)C(C)C
400,86-74-8,2.18,uci,C1=CC=C2C(=C1)C3=CC=CC=C3N2
401,82558-50-7,1.85,uci,O=C(Nc1onc(c1)C(C)(CC)CC)c2c(OC)cccc2(OC)
402,82-47-3,0.9,uci,O=S(=O)(O)c1cc(c2cccc(O)c2(c1(N)))S(=O)(=O)O
403,82-45-1,2.03,uci,O=C1c2c(cccc2N)C(=O)c2c1cccc2
404,82-44-0,2.36,uci,O=C1c2c(cccc2C(=O)c2c1cccc2)Cl
405,82097-50-5,0.11,uci,O=C(Nc1nc(nc(n1)C)OC)NS(=O)(=O)c2ccccc2(OCCCl)
406,82-05-3,2.12,uci,O=c1c2c3c(cccc3ccc2)c2ccccc12
407,81-88-9,-0.23,uci,O=C(O)c1ccccc1C=3c4ccc(cc4(OC2=CC(C=CC2=3)=[N+](CC)CC))N(CC)CC
408,81777-89-1,1.6,uci,O=C1N(OCC1(C)C)Cc2ccccc2Cl
409,83-42-1,1.99,uci,O=[N+]([O-])c1cccc(c1C)Cl
410,83704-22-7,3.41,uci,Clc1c(c2c(oc3c2ccc(c3)Cl)cc1Cl)Cl
411,83-79-4,1.41,uci,O=C3c5ccc1OC(C(=C)C)Cc1c5(OC4COc2cc(OC)c(OC)cc2C34)
412,839-90-7,-0.05,uci,O=C1N(C(=O)N(C(=O)N1CCO)CCO)CCO
413,86-73-7,2.77,uci,c1ccc3c(c1)c2ccccc2C3
414,86-50-0,1.54,uci,COP(=S)(OC)SCN1C(=O)C2=CC=CC=C2N=N1
415,86-30-6,1.41,uci,O=NN(c1ccccc1)c1ccccc1
416,85-83-6,0.75,uci,Oc3ccc4ccccc4(c3(N=Nc2ccc(N=Nc1ccccc1C)cc2C))
417,85-68-7,1.01,uci,O=C(OCc1ccccc1)c2ccccc2(C(=O)OCCCC)
418,85509-19-9,2.4,uci,Fc1ccc(cc1)[Si](c2ccc(F)cc2)(C)Cn3ncnc3
419,85-22-3,2.52,uci,c1(c(c(c(c(c1Br)Br)Br)Br)Br)CC
420,85-01-8,3.36,uci,c1cccc2ccc3c(c12)cccc3
421,84-87-7,1.11,uci,O=S(=O)(O)c2ccc(O)c1ccccc12
422,84-86-6,0.78,uci,O=S(=O)(O)c2ccc(N)c1ccccc12
423,84852-15-3,2.4,uci,Oc1ccc(cc1)CCCCCCC(C)C
424,84-74-2,2.23,uci,O=C(OCCCC)c1ccccc1(C(=O)OCCCC)
425,84-65-1,2.0,uci,O=C1c3ccccc3(C(=O)c2ccccc12)
426,84-57-1,1.16,uci,O=C1N(N=C(C)C1)c2cc(c(cc2Cl)S(=O)(=O)O)Cl
427,84-51-5,1.6,uci,O=C1c2c(ccc(c2)CC)C(=O)c2c1cccc2
428,84-15-1,3.3,uci,c1ccc(cc1)c3ccccc3(c2ccccc2)
429,84087-01-4,-0.1,uci,O=C(O)c1c2ncc(cc2(ccc1Cl))Cl
430,91-15-6,0.55,uci,N#Cc1c(cccc1)C#N
431,91-20-3,2.15,uci,c1c2c(ccc1)cccc2
432,91-22-5,0.49,uci,c1cccc2ncccc12
433,962-58-3,-0.35,uci,O=P(Oc1nc(nc(c1)C)C(C)C)(OCC)OCC
434,96-91-3,0.47,uci,O=[N+]([O-])c1cc(N)c(O)c(c1)[N+](=O)[O-]
435,96-76-4,2.46,uci,Oc1ccc(cc1C(C)(C)C)C(C)(C)C
436,96-73-1,0.48,uci,O=S(=O)(c1c(ccc(c1)[N+](=O)[O-])Cl)O
437,96-69-5,0.82,uci,CC(c1c(cc(c(c1)Sc1c(cc(c(c1)C(C)(C)C)O)C)C)O)(C)C
438,96525-23-4,1.44,uci,O=C2C(c1cccc(c1)C(F)(F)F)=C(OC2c3ccccc3)NC
439,96489-71-3,1.68,uci,O=C1C(=C(C=NN1C(C)(C)C)SCc2ccc(cc2)C(C)(C)C)Cl
440,96-45-7,-0.02,uci,N1C(NCC1)=S
441,96-29-7,0.44,uci,CC(=NO)CC
442,96-18-4,1.07,uci,ClC(CCl)CCl
443,95-76-1,1.13,uci,Clc1c(ccc(c1)N)Cl
444,96-12-8,1.11,uci,C(C(CBr)Br)Cl
445,961-11-5,1.63,uci,Clc1c(cc(c(c1)Cl)Cl)C(=CCl)OP(=O)(OC)OC
446,95977-29-0,0.94,uci,O=C(O)C(Oc2ccc(Oc1ncc(cc1Cl)C(F)(F)F)cc2)C
447,95-95-4,2.6,uci,Oc1c(cc(c(c1)Cl)Cl)Cl
448,95-94-3,3.57,uci,Clc1c(cc(c(c1)Cl)Cl)Cl
449,95-82-9,1.24,uci,Nc1c(ccc(c1)Cl)Cl
450,95-80-7,1.45,uci,Nc1c(ccc(c1)N)C
451,95-78-3,0.54,uci,Nc1c(ccc(c1)C)C
452,96-96-8,0.79,uci,[O-][N+](=O)c1cc(ccc1N)OC
453,97-23-4,2.19,uci,Oc1c(cc(cc1)Cl)Cc1cc(ccc1O)Cl
454,98-08-8,1.67,uci,FC(c1ccccc1)(F)F
455,98-10-2,0.52,uci,NS(=O)(=O)c1ccccc1
456,99-71-8,1.35,uci,CC(c1ccc(cc1)O)CC
457,99-65-0,0.77,uci,O=[N+]([O-])c1cccc(c1)[N+](=O)[O-]
458,99-62-7,3.22,uci,c1cc(cc(c1)C(C)C)C(C)C
459,99-54-7,1.82,uci,O=[N+](c1cc(c(cc1)Cl)Cl)[O-]
460,99387-89-0,2.59,uci,FC(F)(F)c2cc(ccc2(N=C(n1cncc1)COCCC))Cl
461,99-30-9,1.88,uci,O=[N+]([O-])c1cc(c(N)c(c1)Cl)Cl
462,99129-21-2,0.32,uci,O=C1C(C(=O)CC(C1)CC(C)SCC)=C(NOCC=CCl)CC
463,99-09-2,0.51,uci,O=[N+](c1cccc(c1)N)[O-]
464,99-08-1,1.02,uci,O=[N+](c1cc(ccc1)C)[O-]
465,98-95-3,0.66,uci,O=[N+](c1ccccc1)[O-]
466,98886-44-3,0.5,uci,O=C1N(CCS1)P(=O)(OCC)SC(C)CC
467,98-84-0,0.73,uci,NC(c1ccccc1)C
468,98-83-9,1.89,uci,CC(=C)c1ccccc1
469,98-82-8,1.55,uci,c1ccc(cc1)C(C)C
470,98-73-7,0.5,uci,CC(c1ccc(cc1)C(=O)O)(C)C
471,98-54-4,1.79,uci,CC(c1ccc(cc1)O)(C)C
472,98-15-7,2.34,uci,FC(c1cc(ccc1)Cl)(F)F
473,95-77-2,1.75,uci,Clc1c(ccc(c1)O)Cl
474,95737-68-1,3.14,uci,n1ccccc1OC(C)COc3ccc(Oc2ccccc2)cc3
475,91-23-6,0.6,uci,COc1c(cccc1)[N+](=O)[O-]
476,92-70-6,0.46,uci,Oc1c(cc2c(c1)cccc2)C(=O)O
477,938-86-3,3.51,uci,O(c1cc(c(c(c1Cl)Cl)Cl)Cl)C
478,938-22-7,3.34,uci,O(c1c(cc(c(c1Cl)Cl)Cl)Cl)C
479,935-95-5,2.15,uci,Oc1c(c(cc(c1Cl)Cl)Cl)Cl
480,933-12-0,2.87,uci,CC1(CC(C=CC1)C)C
481,92-94-4,1.77,uci,c1ccc(cc1)c2ccc(cc2)c3ccccc3
482,92-86-4,3.96,uci,Brc1ccc(cc1)c1ccc(cc1)Br
483,92-84-2,2.61,uci,N1c2c(cccc2)Sc2c1cccc2
484,92-77-3,0.76,uci,O=C(c1cc2ccccc2cc1O)Nc1ccccc1
485,92-69-3,1.64,uci,Oc1ccc(cc1)c1ccccc1
486,95-69-2,1.37,uci,Cc1c(ccc(c1)Cl)N
487,92-52-4,2.64,uci,c1ccc(cc1)c2ccccc2
488,92341-06-5,3.2,uci,o2c1cc(c(c(c1c3c2c(c(cc3Cl)Cl)Cl)Cl)Cl)Cl
489,920-66-1,0.32,uci,FC(C(C(F)(F)F)O)(F)F
490,91-96-3,-0.03,uci,O=C(Nc1ccc(cc1C)c1cc(c(cc1)NC(=O)CC(=O)C)C)CC(=O)C
491,91-94-1,2.23,uci,Clc1c(ccc(c1)c1cc(c(cc1)N)Cl)N
492,91-66-7,2.04,uci,CCN(c1ccccc1)CC
493,91-58-7,3.63,uci,c1ccc2cc(ccc2(c1))Cl
494,91-57-6,2.49,uci,Cc1ccc2c(c1)cccc2
495,94125-34-5,-0.89,uci,O=C(Nc1nc(nc(n1)C)OC)NS(=O)(=O)c2ccccc2CCC(F)(F)F
496,94361-06-5,1.45,uci,OC(c1ccc(cc1)Cl)(Cn2ncnc2)C(C)C3CC3
497,944-22-9,1.89,uci,CCP(=S)(Sc1ccccc1)OCC
498,944-61-6,4.4,uci,O(c1c(OC)c(c(c(c1Cl)Cl)Cl)Cl)C
499,95-64-7,0.8,uci,Cc1c(ccc(c1)N)C
500,95-63-6,2.17,uci,Cc1c(ccc(c1)C)C
501,95-57-8,1.21,uci,Oc1c(cccc1)Cl
502,95-56-7,1.52,uci,Oc1ccccc1Br
503,95-51-2,0.93,uci,Nc1c(cccc1)Cl
504,95-50-1,2.47,uci,Clc1c(cccc1)Cl
505,95-49-8,1.86,uci,Cc1c(cccc1)Cl
506,95-48-7,1.03,uci,Oc1ccccc1C
507,95-47-6,1.15,uci,c1ccc(c(c1)C)C
508,95465-99-9,2.34,uci,O=P(OCC)(SC(C)CC)SC(C)CC
509,95-16-9,0.8,uci,N1=CSc2c1cccc2
510,950-37-8,0.72,uci,O=C1N(N=C(OC)S1)CSP(OC)(OC)=S
511,947-72-8,3.48,uci,c1ccc2c(c1)cc(c3ccccc23)Cl
512,94-75-7,-0.5,uci,O=C(O)COc1ccc(cc1Cl)Cl
513,94-74-6,0.0,uci,O=C(O)COc1ccc(cc1C)Cl
514,947-04-6,0.29,uci,O=C1NCCCCCCCCCCC1
515,94-52-0,0.32,uci,O=[N+](c1cc2c(cc1)NC=N2)[O-]
516,81335-77-5,0.2,uci,O=C(O)c2cc(cnc2(C1=NC(C(=O)N1)(C)C(C)C))CC
517,81-16-3,0.53,uci,Nc1ccc2c(c1S(=O)(=O)O)cccc2
518,81-15-2,3.63,uci,O=[N+]([O-])c1c(c(c(c(c1C)[N+](=O)[O-])C(C)(C)C)[N+](=O)[O-])C
519,634-91-3,2.36,uci,Nc1cc(c(c(c1)Cl)Cl)Cl
520,65733-16-6,2.66,uci,O=C(OC(C)C)C=C(C=CCC(C)CCCC(OC)(C)C)C
521,64628-44-0,2.79,uci,O=C(NC(=O)c1ccccc1Cl)Nc2ccc(OC(F)(F)F)cc2
522,6459-94-5,1.84,uci,O=S(=O)(O)c6cc5ccc(O)c(N=Nc1ccc(cc1C)c4ccc(N=Nc3ccc(OS(=O)(=O)c2ccc(cc2)C)cc3)c(c4)C)c5c(c6)S(=O)(=O)O
523,639-58-7,3.14,uci,c1ccc(cc1)[Sn](c2ccccc2)(c3ccccc3)Cl
524,636-30-6,2.33,uci,Nc1cc(c(cc1Cl)Cl)Cl
525,636-28-2,3.7,uci,c1c(c(cc(c1Br)Br)Br)Br
526,6358-85-6,0.62,uci,O=C(Nc1ccccc1)C(N=Nc2ccc(cc2Cl)c4ccc(N=NC(C(=O)Nc3ccccc3)C(=O)C)c(c4)Cl)C(=O)C
527,634-93-5,2.04,uci,Nc1c(cc(cc1Cl)Cl)Cl
528,634-90-2,3.36,uci,c1c(cc(c(c1Cl)Cl)Cl)Cl
529,626-17-5,0.58,uci,N#Cc1cc(ccc1)C#N
530,634-83-3,2.21,uci,Nc1cc(c(c(c1Cl)Cl)Cl)Cl
531,634-67-3,2.0,uci,Nc1ccc(c(c1Cl)Cl)Cl
532,634-66-2,3.52,uci,Clc1c(ccc(c1Cl)Cl)Cl
533,63-25-2,1.3,uci,O=C(Oc1cccc2ccccc12)NC
534,629-62-9,1.38,uci,CCCCCCCCCCCCCCC
535,629-25-4,2.4,uci,O=C(O)CCCCCCCCCCC
536,62-73-7,-0.25,uci,O=P(OC=C(Cl)Cl)(OC)OC
537,626-67-5,0.51,uci,CN1CCCCC1
538,66063-05-6,2.35,uci,O=C(Nc1ccccc1)N(Cc2ccc(cc2)Cl)C3CCCC3
539,66215-27-8,0.0,uci,n1c(nc(nc1N)NC2CC2)N
540,66246-88-6,1.97,uci,n1cnn(c1)CC(c2ccc(cc2Cl)Cl)CCC
541,66332-96-5,1.65,uci,O=C(Nc1cccc(OC(C)C)c1)c2ccccc2C(F)(F)F
542,680-31-9,-0.55,uci,O=P(N(C)C)(N(C)C)N(C)C
543,67905-19-5,3.72,uci,OC(=O)C(C(C(C(C(C(C(C(C(C(C(C(C(C(C(F)(F)F)(F)F)(F)F)(F)F)(F)F)(F)F)(F)F)(F)F)(F)F)(F)F)(F)F)(F)F)(F)F)(F)F)(F)F
544,67747-09-5,2.59,uci,O=C(n1cncc1)N(CCOc2c(cc(cc2Cl)Cl)Cl)CCC
545,67-72-1,2.42,uci,ClC(C(Cl)(Cl)Cl)(Cl)Cl
546,67-68-5,0.35,uci,CS(=O)C
547,67-66-3,0.96,uci,ClC(Cl)Cl
548,67564-91-4,3.03,uci,O1C(C)CN(CC1C)CC(C)Cc2ccc(cc2)C(C)(C)C
549,67562-39-4,3.45,uci,o2c1c(cc(c(c1Cl)Cl)Cl)c3c2c(c(c(c3Cl)Cl)Cl)Cl
550,67485-29-4,4.54,uci,FC(F)(F)c3ccc(C=CC(=NNC1=NCC(C)(C)CN1)C=Cc2ccc(cc2)C(F)(F)F)cc3
551,6731-36-8,3.99,uci,CC(OOC1(OOC(C)(C)C)CC(CC(C1)(C)C)C)(C)C
552,67306-00-7,2.2,uci,c1cc(ccc1CC(C)CN2CCCCC2)C(C)(C)C
553,67028-18-6,3.35,uci,Clc1c(c(cc2c1Oc1c(cc(cc1)Cl)O2)Cl)Cl
554,66841-25-6,3.08,uci,N#CC(OC(=O)C1C(C(C(Br)(Br)Br)Br)C1(C)(C))c3cccc(Oc2ccccc2)c3
555,66-81-9,0.21,uci,O=C1NC(=O)CC(C1)CC(O)C2C(=O)C(C)CC(C)C2
556,66735-04-4,0.63,uci,O=C(O)C(C)Cc1ccc(cc1)C(C)(C)C
557,66441-23-4,0.69,uci,O=C(OCC)C(Oc3ccc(Oc1nc2ccc(cc2(o1))Cl)cc3)C
558,6639-30-1,3.78,uci,c1c(c(cc(c1Cl)Cl)Cl)C
559,626-39-1,3.62,uci,Brc1cc(cc(c1)Br)Br
560,62615-08-1,3.11,uci,Clc1c(c2c(oc3c2cc(cc3)Cl)cc1Cl)Cl
561,68-12-2,-0.11,uci,CN(C=O)C
562,606-28-0,1.01,uci,O=C(c1ccccc1C(=O)OC)c1ccccc1
563,611-06-3,2.07,uci,O=[N+]([O-])c1ccc(cc1Cl)Cl
564,610-39-9,0.21,uci,O=[N+](c1ccc(cc1[N+](=O)[O-])C)[O-]
565,609-89-2,1.35,uci,Oc1c(cc(cc1Cl)Cl)[N+](=O)[O-]
566,608-93-5,3.84,uci,Clc1c(c(cc(c1Cl)Cl)Cl)Cl
567,608-73-1,2.81,uci,C1(C(C(C(C(C1Cl)Cl)Cl)Cl)Cl)Cl
568,60851-34-5,3.98,uci,o2c1c(cc(c(c1Cl)Cl)Cl)c3cc(c(c(c23)Cl)Cl)Cl
569,60782-58-3,2.11,uci,CCCCCC[Si](CCCCCC)(CCCCCC)O
570,60628-17-3,1.55,uci,CCCCCCCCCCCCCOP(Oc1ccccc1)Oc1ccccc1
571,606-20-2,1.34,uci,O=[N+]([O-])c1cccc(c1C)[N+](=O)[O-]
572,62-56-6,0.05,uci,NC(=S)N
573,60-57-1/72-20-8,3.89,uci,O1C2C1C3CC2C4C3C5(C(=C(C4(C5(Cl)Cl)Cl)Cl)Cl)Cl
574,60-51-5,0.18,uci,S=P(SCC(=O)NC)(OC)OC
575,605-02-7,3.51,uci,c1c(c2c(cc1)cccc2)c1ccccc1
576,603-11-2,0.55,uci,O=C(c1cccc(c1C(=O)O)[N+](=O)[O-])O
577,60-29-7,0.61,uci,CCOCC
578,60207-90-1,2.06,uci,n1cnn(c1)CC2(OCC(O2)CCC)c3ccc(cc3Cl)Cl
579,60168-88-9,2.05,uci,OC(c1cncnc1)(c2ccc(cc2)Cl)c3ccccc3Cl
580,60145-21-3,4.58,uci,Clc1cc(c(cc1)Cl)c1c(cc(cc1Cl)Cl)Cl
581,611-21-2,0.9,uci,Cc1ccccc1NC
582,61213-25-0,2.46,uci,O=C2N(c1cccc(c1)C(F)(F)F)CC(CCl)C2Cl
583,612-22-6,1.14,uci,CCc1c(cccc1)[N+](=O)[O-]
584,6130-75-2,2.8,uci,O(c1cc(c(cc1Cl)Cl)Cl)C
585,62-53-3,0.26,uci,Nc1ccccc1
586,62-44-2,1.23,uci,CC(=O)Nc1ccc(cc1)OCC
587,62338-09-4,3.34,uci,CCCCCCCC(C(C)(C)C)C
588,623-26-7,0.23,uci,N#Cc1ccc(cc1)C#N
589,622-97-9,1.5,uci,C=Cc1ccc(cc1)C
590,622-57-1,0.52,uci,CCNc1ccc(cc1)C
591,61968-52-3,0.73,uci,O=C(OCCN(c1cc(c(cc1)N=Nc1ccc(cc1Cl)[N+](=O)[O-])NC(=O)CC)CCOC(=O)C)C
592,61949-76-6,2.65,uci,O=C(OCc2cccc(Oc1ccccc1)c2)C3C(C=C(Cl)Cl)C3(C)(C)
593,618-62-2,2.23,uci,O=[N+]([O-])c1cc(cc(c1)Cl)Cl
594,61-82-5,0.24,uci,C1=NN=C(N1)N
595,6165-51-1,2.86,uci,c1ccc(cc1)C(c2cc(ccc2C)C)C
596,616-44-4,0.72,uci,Cc1cscc1
597,615-74-7,0.62,uci,Oc1cc(ccc1Cl)C
598,615-54-3,3.52,uci,Brc1cc(ccc1Br)Br
599,61328-46-9,4.24,uci,Clc1cc(ccc1Cl)Oc1c(cc(cc1)Cl)Cl
600,61328-45-8,4.11,uci,Clc1c(cc(c(c1)Cl)Cl)Oc1ccc(cc1)Cl
601,613-12-7,2.41,uci,Cc1cc2c(cc3c(c2)cccc3)cc1
602,68085-85-8,3.29,uci,N#CC(OC(=O)C1C(C=C(C(F)(F)F)Cl)C1(C)(C))c3cccc(Oc2ccccc2)c3
603,68359-37-5,2.7,uci,N#CC(OC(=O)C1C(C=C(Cl)Cl)C1(C)(C))c3ccc(F)c(Oc2ccccc2)c3
604,81-14-1,3.09,uci,[O-][N+](=O)c1c(C)c(C(=O)C)c(c(c1C(C)(C)C)[N+](=O)[O-])C
605,77-73-6,2.38,uci,C1C2C(C3CC2C=C3)C=C1
606,78587-05-0,3.04,uci,O=C(NC1CCCCC1)N3C(=O)SC(c2ccc(cc2)Cl)C3C
607,78-51-3,0.67,uci,O=P(OCCOCCCC)(OCCOCCCC)OCCOCCCC
608,78-48-8,3.48,uci,O=P(SCCCC)(SCCCC)SCCCC
609,78-42-2,1.36,uci,O=P(OCC(CCCC)CC)(OCC(CCCC)CC)OCC(CCCC)CC
610,78-40-0,0.01,uci,O=P(OCC)(OCC)OCC
611,78-30-8,2.9,uci,O=P(Oc1ccccc1C)(Oc2ccccc2C)Oc3ccccc3C
612,782-74-1,3.68,uci,Clc1c(cccc1)NNc1c(cccc1)Cl
613,779-02-2,2.72,uci,Cc1c2c(cc3c1cccc3)cccc2
614,7756-94-7,3.42,uci,C=C(C)CCC(C)CCC(C)C
615,76-12-0,1.84,uci,FC(C(F)(Cl)Cl)(Cl)Cl
616,77-47-4,1.18,uci,C=1(C(=C(C(C=1Cl)(Cl)Cl)Cl)Cl)Cl
617,76-93-7,0.02,uci,OC(c1ccccc1)(c1ccccc1)C(=O)O
618,76-87-9,3.49,uci,O[Sn](c1ccccc1)(c1ccccc1)c1ccccc1
619,76-83-5,2.63,uci,ClC(c1ccccc1)(c1ccccc1)c1ccccc1
620,76738-62-0,1.64,uci,OC(C(n1ncnc1)Cc2ccc(cc2)Cl)C(C)(C)C
621,767-00-0,0.91,uci,N#Cc1ccc(O)cc1
622,76-44-8,3.95,uci,ClC12C3C(C(C1(Cl)Cl)(C(=C2Cl)Cl)Cl)C=CC3Cl
623,764-13-6,2.41,uci,CC(=CC=C(C)C)C
624,78-59-1,0.35,uci,CC1(C)CC(=CC(=O)C1)C
625,78-63-7,3.48,uci,O(OC(C)(C)CCC(OOC(C)(C)C)(C)C)C(C)(C)C
626,78-79-5,1.22,uci,CC(=C)C=C
627,78-87-5,0.71,uci,CC(CCl)Cl
628,81-11-8,0.28,uci,OS(=O)(=O)c1c(ccc(c1)N)C=Cc1c(cc(cc1)N)S(=O)(=O)O
629,80844-07-1,3.6,uci,CCOc1ccc(cc1)C(COCc1cccc(c1)Oc1ccccc1)(C)C
630,80-43-3,2.75,uci,CC(c1ccccc1)(OOC(c1ccccc1)(C)C)C
631,80-05-7,1.52,uci,CC(c1ccc(cc1)O)(c1ccc(cc1)O)C
632,79-94-7,2.46,uci,CC(c1cc(c(c(c1)Br)O)Br)(c1cc(c(c(c1)Br)O)Br)C
633,79-92-5,2.98,uci,CC1(C2CC(C1=C)CC2)C
634,79622-59-6,3.01,uci,O=[N+]([O-])c2cc(c(c(c2(Nc1ncc(cc1Cl)C(F)(F)F))[N+](=O)[O-])Cl)C(F)(F)F
635,79538-32-2,3.48,uci,O=C(OCc1c(F)c(F)c(c(F)c1(F))C)C2C(C=C(C(F)(F)F)Cl)C2(C)(C)
636,79-46-9,0.62,uci,CC([N+](=O)[O-])C
637,79-34-5,1.07,uci,ClC(C(Cl)Cl)Cl
638,79277-27-3,-0.1,uci,O=C(OC)c1c(ccs1)S(=O)(=O)NC(=O)Nc2nc(nc(n2)C)OC
639,79-27-6,0.76,uci,BrC(C(Br)Br)Br
640,791-31-1,2.85,uci,O[Si](c1ccccc1)(c2ccccc2)c3ccccc3
641,79127-80-3,2.33,uci,O=C(OCC)NCCOc2ccc(Oc1ccccc1)cc2
642,79060-60-9,2.78,uci,o2c1c(ccc(c1Cl)Cl)c3c2c(c(c(c3Cl)Cl)Cl)Cl
643,79-01-6,1.16,uci,ClC(=CCl)Cl
644,79-00-5,0.62,uci,ClC(CCl)Cl
645,76-13-1,1.66,uci,FC(C(F)(Cl)Cl)(F)Cl
646,76-03-9,0.13,uci,ClC(C(=O)O)(Cl)Cl
647,6842-15-5,3.25,uci,C(=CC(C)CC(C)CC(C)C)C
648,7085-19-0,0.48,uci,O=C(O)C(Oc1ccc(cc1C)Cl)C
649,72-43-5,2.5,uci,O(c1ccc(cc1)C(c2ccc(OC)cc2)C(Cl)(Cl)Cl)C
650,72178-02-0,0.78,uci,O=C(NS(=O)(=O)C)c2cc(Oc1ccc(cc1Cl)C(F)(F)F)ccc2[N+](=O)[O-]
651,71767-67-4,1.58,uci,[O-][N+](=O)c1cc(c(c(c1)Cl)N=Nc1ccc(cc1)N(CCC#N)CCC#N)Cl
652,"71751-41-2 (65195-55-3 B1a, 65195-56-4 B1b)",1.84,uci,O=C5OC2CC(OC1(OCC(C)CC1)C2)CC=C(C)C(OC4OC(C)C(OC3OC(C)C(O)C(OC)C3)C(OC)C4)C(C=CC=C6COC7C(O)C(=CC5C67(O))C)C
653,71626-11-4,1.76,uci,O=C(OC)C(N(C(=O)Cc1ccccc1)c2c(cccc2C)C)C
654,71-55-6,0.59,uci,CC(Cl)(Cl)Cl
655,71-43-2,0.63,uci,c1ccccc1
656,709-98-8,1.94,uci,O=C(Nc1ccc(c(c1)Cl)Cl)CC
657,70648-26-9,3.9,uci,o2c1cc(c(cc1c3c2c(c(c(c3Cl)Cl)Cl)Cl)Cl)Cl
658,760-23-6,0.86,uci,C=CC(CCl)Cl
659,70-30-4,2.1,uci,Oc1c(c(c(cc1Cl)Cl)Cl)Cc1c(c(cc(c1O)Cl)Cl)Cl
660,70124-77-5,3.6,uci,N#CC(c1cccc(c1)Oc1ccccc1)OC(=O)C(c1ccc(cc1)OC(F)F)C(C)C
661,7012-37-5,4.33,uci,Clc1c(ccc(c1)Cl)c1ccc(cc1)Cl
662,69806-40-2,1.23,uci,O=C(OC)C(Oc2ccc(Oc1ncc(cc1Cl)C(F)(F)F)cc2)C
663,696-44-6,0.86,uci,Cc1cccc(c1)NC
664,69377-81-7,1.79,uci,O=C(O)COc1nc(F)c(c(N)c1Cl)Cl
665,6936-40-9,3.69,uci,O(c1c(c(cc(c1Cl)Cl)Cl)Cl)C
666,69327-76-0,2.71,uci,O=C2N(c1ccccc1)CSC(=NC(C)(C)C)N2C(C)C
667,72-55-9,4.3,uci,ClC(=C(c1ccc(cc1)Cl)c1ccc(cc1)Cl)Cl
668,7267-11-0,-0.01,uci,O=C(c1c2c(ccc(c2c(cc1)Cl)Cl)C(=O)O)O
669,7287-19-6,1.93,uci,n1c(nc(nc1NC(C)C)SC)NC(C)C
670,731-27-1,1.87,uci,O=S(=O)(N(c1ccc(cc1)C)SC(F)(Cl)Cl)N(C)C
671,75-98-9,0.23,uci,O=C(O)C(C)(C)C
672,75-71-8,0.84,uci,FC(F)(Cl)Cl
673,75-65-0,0.54,uci,CC(C)(C)O
674,75627-02-0,2.96,uci,o2c1c(cc(c(c1c3c2c(c(cc3Cl)Cl)Cl)Cl)Cl)Cl
675,75-35-4,1.0,uci,C=C(Cl)Cl
676,75-25-2,1.18,uci,BrC(Br)Br
677,75-15-0,1.29,uci,C(=S)=S
678,75-09-2,1.22,uci,ClCCl
679,74-97-5,0.53,uci,ClCBr
680,74918-40-4,3.01,uci,Clc1cc2c(c3c(o2)c(ccc3)Cl)cc1
681,74-31-7,3.13,uci,N(c1ccc(cc1)Nc1ccccc1)c1ccccc1
682,74223-64-6,0.0,uci,O=C(OC)c1ccccc1S(=O)(=O)NC(=O)Nc2nc(nc(n2)C)OC
683,741-58-2,2.94,uci,O=S(=O)(NCCSP(OC(C)C)(OC(C)C)=S)c1ccccc1
684,74115-24-5,2.39,uci,n1nc(nnc1c2ccccc2Cl)c3ccccc3Cl
685,74070-46-5,3.46,uci,O=[N+]([O-])c2ccc(Oc1ccccc1)c(c2(N))Cl
686,732-26-3,4.16,uci,Oc1c(cc(cc1C(C)(C)C)C(C)(C)C)C(C)(C)C
687,732-11-6,0.41,uci,O=C1c2ccccc2(C(=O)N1CSP(OC)(OC)=S)
688,2104-64-5,2.84,uci,S=P(c1ccccc1)(Oc1ccc(cc1)[N+](=O)[O-])OCC
689,99-99-0,0.91,uci,O=[N+](c1ccc(cc1)C)[O-]
690,108-78-1,0.33,uci,Nc1nc(nc(n1)N)N
691,115-29-7,3.44,uci,O=S1OCC2C(CO1)C3(C(=C(C2(C3(Cl)Cl)Cl)Cl)Cl)Cl
692,111-94-4,-0.13,uci,N#CCCNCCC#N
693,112281-77-3,1.55,uci,FC(F)C(F)(F)OCC(c1ccc(cc1Cl)Cl)Cn2ncnc2
694,112-40-3,2.59,uci,CCCCCCCCCCCC
695,112410-23-8,1.84,uci,O=C(NN(C(=O)c1cc(cc(c1)C)C)C(C)(C)C)c2ccc(cc2)CC
696,112-41-4,3.4,uci,CCCCCCCCCCC=C
697,1141-38-4,0.68,uci,OC(=O)c1cc2ccc(cc2cc1)C(=O)O
698,114369-43-6,2.2,uci,N#CC(c1ccccc1)(Cn2ncnc2)CCc3ccc(cc3)Cl
699,115-28-6,0.08,uci,ClC12C(C(C(C1(Cl)Cl)(C(=C2Cl)Cl)Cl)C(=O)O)C(=O)O
700,115-32-2,3.78,uci,OC(c1ccc(cc1)Cl)(c1ccc(cc1)Cl)C(Cl)(Cl)Cl
701,117-81-7,2.38,uci,O=C(c1c(cccc1)C(=O)OCC(CCCC)CC)OCC(CCCC)CC
702,115-77-5,0.03,uci,OCC(CO)(CO)CO
703,115-86-6,2.38,uci,O=P(Oc1ccccc1)(Oc2ccccc2)Oc3ccccc3
704,115-90-2,1.68,uci,CCOP(=S)(Oc1ccc(cc1)S(=O)C)OCC
705,115-96-8,0.16,uci,O=P(OCCCl)(OCCCl)OCCCl
706,1163-19-5,2.29,uci,O(c1c(c(c(c(c1Br)Br)Br)Br)Br)c2c(c(c(c(c2Br)Br)Br)Br)Br
707,116714-46-6,3.32,uci,O=C(NC(=O)c1c(F)cccc1(F))Nc2ccc(OC(F)(F)C(F)OC(F)(F)F)c(c2)Cl
708,117-18-0,3.25,uci,O=[N+]([O-])c1c(c(cc(c1Cl)Cl)Cl)Cl
709,117428-22-5,2.46,uci,O=C(OC)C(=COC)c1ccccc1COc2nc(ccc2)C(F)(F)F
710,111-84-2,3.15,uci,CCCCCCCCC
711,1116-76-3,1.95,uci,CCCCCCCCN(CCCCCCCC)CCCCCCCC
712,111479-05-1,2.77,uci,O=C(OCCON=C(C)C)C(Oc3ccc(Oc1nc2ccc(cc2(nc1))Cl)cc3)C
713,111-44-4,0.62,uci,ClCCOCCCl
714,108-86-1,1.4,uci,Brc1ccccc1
715,108-87-2,2.32,uci,CC1CCCCC1
716,108-88-3,0.92,uci,c1ccc(cc1)C
717,108-90-7,1.31,uci,Clc1ccccc1
718,108-95-2,0.9,uci,Oc1ccccc1
719,109-09-1,1.03,uci,Clc1ccccn1
720,109-69-3,1.22,uci,CCCCCl
721,110-00-9,0.52,uci,c1cocc1
722,110-02-1,0.79,uci,c1cscc1
723,110235-47-7,2.45,uci,C(#CC)c1nc(nc(c1)C)Nc2ccccc2
724,110-30-5,0.32,uci,O=C(NCCNC(=O)CCCCCCCCCCCCCCCCC)CCCCCCCCCCCCCCCCC
725,110-82-7,1.94,uci,C1CCCCC1
726,110-85-0,0.41,uci,C1CNCCN1
727,110-91-8,0.22,uci,O1CCNCC1
728,110-98-5,0.56,uci,CC(COCC(C)O)O
729,111-40-0,0.5,uci,NCCNCCN
730,111-41-1,0.29,uci,NCCNCCO
731,117-79-3,1.55,uci,O=C1c2cc(ccc2C(=O)c2c1cccc2)N
732,118134-30-8,1.9,uci,O1CC(OC12(CCC(CC2)C(C)(C)C))CN(CC)CCC
733,108-70-3,3.14,uci,Clc1cc(cc(c1)Cl)Cl
734,121552-61-2,2.59,uci,n1c(nc(cc1C)C2CC2)Nc3ccccc3
735,120-71-8,0.69,uci,Nc1cc(ccc1OC)C
736,120-78-5,1.29,uci,C1=CC=C2C(=C1)N=C(S2)SSC3=NC4=CC=CC=C4S3
737,120-82-1,3.19,uci,Clc1c(ccc(c1)Cl)Cl
738,120-83-2,1.71,uci,Clc1c(ccc(c1)Cl)O
739,120928-09-8,2.84,uci,n1cnc3ccccc3(c1OCCc2ccc(cc2)C(C)(C)C)
740,121-14-2,0.9,uci,O=[N+]([O-])c1ccc(c(c1)[N+](=O)[O-])C
741,1212-29-9,0.65,uci,N(C(NC1CCCCC1)=S)C2CCCCC2
742,121-44-8,0.45,uci,CCN(CC)CC
743,121-69-7,0.96,uci,CN(c1ccccc1)C
744,118-44-5,2.35,uci,c1ccc2c(c1)cccc2(NCC)
745,121-73-3,1.89,uci,O=[N+]([O-])c1cccc(c1)Cl
746,121-75-5,1.26,uci,O=C(OCC)CC(C(=O)OCC)SP(OC)(OC)=S
747,121-82-4,0.3,uci,O=[N+]([O-])N1CN([N+](=O)[O-])CN([N+](=O)[O-])C1
748,121-92-6,0.6,uci,OC(=O)c1cccc(c1)[N+](=O)[O-]
749,122008-85-9,0.88,uci,N#Cc2ccc(Oc1ccc(OC(C(=O)OCCCC)C)cc1)c(F)c2
750,122-14-5,1.89,uci,S=P(Oc1cc(c(cc1)[N+](=O)[O-])C)(OC)OC
751,122-20-3,-0.49,uci,CC(CN(CC(C)O)CC(C)O)O
752,1222-05-5,3.02,uci,CC1COCc2c1cc1c(c2)C(C(C1(C)C)C)(C)C
753,120-54-7,1.18,uci,C(N1CCCCC1)(=S)SSSSC(N2CCCCC2)=S
754,120-52-5,0.43,uci,O=C(ON=C2C=CC(=NOC(=O)c1ccccc1)C=C2)c3ccccc3
755,120-12-7,3.26,uci,c1c2c(cc3c1cccc3)cccc2
756,120116-88-3,2.46,uci,N#Cc2nc(c(c1ccc(cc1)C)n2S(=O)(=O)N(C)C)Cl
757,118-74-1,4.27,uci,Clc1c(c(c(c(c1Cl)Cl)Cl)Cl)Cl
758,118-79-6,2.71,uci,Oc1c(cc(cc1Br)Br)Br
759,118-83-2,1.95,uci,FC(c1c(ccc(c1)Cl)[N+](=O)[O-])(F)F
760,118-91-2,0.75,uci,Clc1c(cccc1)C(=O)O
761,118-96-7,0.99,uci,O=[N+]([O-])c1cc(c(c(c1)[N+](=O)[O-])C)[N+](=O)[O-]
762,119-12-0,0.77,uci,O=C1C=CC(=NN1c2ccccc2)OP(OCC)(OCC)=S
763,119168-77-3,1.14,uci,O=C(NCc1ccc(cc1)C(C)(C)C)c2c(c(nn2C)CC)Cl
764,119-33-5,0.96,uci,Oc1ccc(cc1[N+](=O)[O-])C
765,119446-68-3,2.5,uci,n1cnn(c1)CC2(OCC(O2)C)c4ccc(Oc3ccc(cc3)Cl)cc4Cl
766,1194-65-6,2.0,uci,N#Cc1c(cccc1Cl)Cl
767,119-47-1,2.67,uci,Oc1c(cc(cc1Cc1c(c(cc(c1)C)C(C)(C)C)O)C)C(C)(C)C
768,119-56-2,1.82,uci,OC(c1ccccc1)c2ccc(cc2)Cl
769,119-61-9,1.01,uci,O=C(c1ccccc1)c1ccccc1
770,119-64-2,2.5,uci,c1c2c(ccc1)CCCC2
771,119738-06-6,2.53,uci,O=C(OCC1OCCC1)C(Oc4ccc(Oc2nc3ccc(cc3(nc2))Cl)cc4)C
772,119-93-7,1.64,uci,Cc1c(ccc(c1)c1cc(c(cc1)N)C)N
773,120068-37-3,2.51,uci,N#Cc1nn(c(N)c1S(=O)C(F)(F)F)c2c(cc(cc2Cl)C(F)(F)F)Cl
774,108-80-5,-0.48,uci,Oc1nc(nc(n1)O)O
775,108-67-8,2.35,uci,Cc1cc(cc(c1)C)C
776,122-34-9,0.84,uci,n1c(nc(nc1NCC)Cl)NCC
777,101-02-0,2.39,uci,O(c1ccccc1)P(Oc2ccccc2)Oc3ccccc3
778,100-25-4,-0.4,uci,O=[N+]([O-])c1ccc(cc1)[N+](=O)[O-]
779,100-26-5,0.56,uci,OC(=O)c1ccc(nc1)C(=O)O
780,100-40-3,2.24,uci,C=CC1CCC=CC1
781,100-42-5,1.13,uci,C=Cc1ccccc1
782,100-43-6,1.89,uci,C=Cc1ccncc1
783,100-61-8,0.83,uci,CNc1ccccc1
784,100-80-1,1.55,uci,C=Cc1cccc(c1)C
785,101007-06-1,2.73,uci,N#CC(OC(=O)C1C(C=CC(=O)OC(C(F)(F)F)C(F)(F)F)C1(C)(C))c3cccc(Oc2ccccc2)c3
786,10113-28-7,2.76,uci,O=P(OC)(OC)Oc1ccccc1
787,102-70-5,0.54,uci,C=CCN(CC=C)CC=C
788,101-14-4,2.33,uci,Clc1c(ccc(c1)Cc1cc(c(cc1)N)Cl)N
789,101-20-2,1.99,uci,O=C(Nc1ccc(c(c1)Cl)Cl)Nc1ccc(cc1)Cl
790,101-21-3,2.16,uci,O=C(OC(C)C)Nc1cccc(c1)Cl
791,1014-70-6,0.31,uci,n1c(nc(nc1NCC)SC)NCC
792,101-53-1,1.4,uci,Oc1ccc(cc1)Cc1ccccc1
793,101-77-9,1.12,uci,Nc1ccc(cc1)Cc1ccc(cc1)N
794,101-81-5,2.97,uci,C(c1ccccc1)c1ccccc1
795,101-84-8,2.57,uci,O(c1ccccc1)c1ccccc1
796,100-18-5,3.24,uci,c1cc(ccc1C(C)C)C(C)C
797,100-17-4,0.93,uci,O=[N+](c1ccc(cc1)OC)[O-]
798,100-02-7,0.74,uci,O=[N+](c1ccc(cc1)O)[O-]
799,100-01-6,0.65,uci,O=[N+](c1ccc(cc1)N)[O-]
800,2051-62-9,2.43,uci,Clc1ccc(cc1)c1ccccc1
801,105-67-9,1.18,uci,Oc1ccc(cc1C)C
802,108-39-4,1.03,uci,Oc1cccc(c1)C
803,113136-77-9,-0.4,uci,O=C(O)C2CC2(C(=O)Nc1ccc(cc1Cl)Cl)
804,114311-32-9,-1.0,uci,O=C(O)c2cc(cnc2(C1=NC(=O)C(N1)(C)C(C)C))COC
805,1689-84-5,0.84,uci,N#Cc1cc(c(O)c(c1)Br)Br
806,178928-70-6,1.27,uci,OC(Cc1ccccc1Cl)(CN2N=CNC2=S)C3(CC3)Cl
807,22259-30-9,0.0,uci,O=C(Oc1cccc(N=CN(C)C)c1)NC
808,2460-49-3,1.98,uci,Oc1cc(c(cc1(OC))Cl)Cl
809,25155-30-0,2.02,uci,O=S(=O)(O)c1ccccc1CCCCCCCCCCCC
810,57057-83-7,2.46,uci,Oc1cc(c(c(c1(OC))Cl)Cl)Cl
811,65-85-0,1.0,uci,O=C(O)c1ccccc1
812,74051-80-2,0.93,uci,O=C1C(=C(O)CC(C1)CC(C)SCC)C(=NOCC)CCC
813,74-11-3,1.0,uci,O=C(O)c1ccc(cc1)Cl
814,93-72-1,1.76,uci,O=C(O)C(Oc1cc(c(cc1Cl)Cl)Cl)C
815,93-76-5,1.38,uci,O=C(O)COc1cc(c(cc1Cl)Cl)Cl
816,100-00-5,1.46,uci,O=[N+](c1ccc(cc1)Cl)[O-]
817,102-06-7,1.05,uci,N=C(Nc1ccccc1)Nc1ccccc1
818,102-71-6,0.35,uci,OCCN(CCO)CCO
819,108-62-3,1.04,uci,O1C(OC(OC(OC1C)C)C)C
820,1071-83-6,1.4,uci,OC(=O)CNCP(=O)(O)O
821,106-43-4,1.8,uci,Cc1ccc(cc1)Cl
822,106-46-7,2.65,uci,c1cc(ccc1Cl)Cl
823,106-47-8,0.72,uci,Nc1ccc(cc1)Cl
824,106-48-9,1.42,uci,Oc1ccc(cc1)Cl
825,1067-97-6,3.92,uci,O[Sn](CCCC)(CCCC)CCCC
826,106-93-4,0.93,uci,BrCCBr
827,107-05-1,0.5,uci,C=CCCl
828,107-39-1,2.81,uci,CC(CC(=C)C)(C)C
829,102-82-9,1.3,uci,N(CCCC)(CCCC)CCCC
830,107534-96-3,2.0,uci,OC(Cn1ncnc1)(CCc2ccc(cc2)Cl)C(C)(C)C
831,108-36-1,2.8,uci,c1cc(cc(c1)Br)Br
832,108-38-3,1.17,uci,c1cc(cc(c1)C)C
833,108-42-9,0.33,uci,Nc1cccc(c1)Cl
834,108-43-0,1.14,uci,Oc1cc(ccc1)Cl
835,108-45-2,0.81,uci,Nc1cc(ccc1)N
836,108-57-6,2.54,uci,C=Cc1cccc(C=C)c1
837,108-60-1,1.02,uci,CC(OC(CCl)C)CCl
838,106-42-3,1.17,uci,c1cc(ccc1C)C
839,106-41-2,1.21,uci,Oc1ccc(cc1)Br
840,106-37-6,2.25,uci,Brc1ccc(cc1)Br
841,10605-21-7,0.3,uci,O=C(NC1=Nc2c(cccc2)N1)OC
842,102851-06-9,2.3,uci,N#CC(OC(=O)C(Nc1ccc(cc1Cl)C(F)(F)F)C(C)C)c3cccc(Oc2ccccc2)c3
843,10315-98-7,0.23,uci,O1CCN(CC1)CC(C)C
844,10319-14-9,1.06,uci,O=C1C(c2nc3c(c(c2O)Br)cccc3)C(=O)c2c1cccc2
845,103-44-6,2.94,uci,CCC(CCCC)COC=C
846,103-50-4,2.48,uci,C(c1ccccc1)OCc1ccccc1
847,103-69-5,1.05,uci,CCNc1ccccc1
848,103-83-3,1.05,uci,CN(Cc1ccccc1)C
849,104294-16-8,3.95,uci,Clc1c(c(cc(c1)Cl)Cl)Oc1ccc(cc1Cl)Cl
850,104-40-5,2.57,uci,Oc1ccc(cc1)CCCCCCCCC
851,10453-86-8,3.55,uci,CC(=CC1C(C1(C)C)C(=O)OCc1coc(c1)Cc1ccccc1)C
852,104653-34-1,4.6,uci,O=C2c1ccccc1SC(O)=C2C6c3ccccc3CC(c4ccc(cc4)c5ccc(cc5)Br)C6
853,104-88-1,0.32,uci,O=Cc1ccc(cc1)Cl
854,10496-18-1,1.15,uci,CCCCCCCCCCSSCCCCCCCCCC
855,105-05-5,2.71,uci,CCc1ccc(cc1)CC
856,105-06-6,2.48,uci,C=Cc1ccc(C=C)cc1
857,10541-83-0,0.07,uci,CNc1ccc(cc1)C(=O)O
858,105512-06-9,1.53,uci,O=C(OCC#C)C(Oc2ccc(Oc1ncc(cc1(F))Cl)cc2)C
859,122-32-7,2.54,uci,O=C(OCC(OC(=O)CCCCCCCC=CCCCCCCCC)COC(=O)CCCCCCCC=CCCCCCCCC)CCCCCCCC=CCCCCCCCC
860,118-32-1,0.5,uci,O=S(=O)(c1cc(cc2c1cc(cc2)O)S(=O)(=O)O)O
861,122-39-4,2.24,uci,N(c1ccccc1)c1ccccc1
862,1678-98-4,3.3,uci,CC(CC1CCCCC1)C
863,1623-19-4,-0.01,uci,O=P(OCC=C)(OCC=C)OCC=C
864,1631-58-9,1.73,uci,N(C)(C)C1CSSC1
865,1634-04-4,0.18,uci,O(C)C(C)(C)C
866,1634-78-2,0.05,uci,O=C(OCC)CC(C(=O)OCC)SP(=O)(OC)OC
867,16517-11-6,2.65,uci,OC(=O)C(C(C(C(C(C(C(C(C(C(C(C(C(C(C(C(C(F)(F)F)(F)F)(F)F)(F)F)(F)F)(F)F)(F)F)(F)F)(F)F)(F)F)(F)F)(F)F)(F)F)(F)F)(F)F)(F)F)(F)F
868,16605-91-7,3.85,uci,Clc1c(cccc1Cl)c1ccccc1
869,16606-02-3,4.09,uci,Clc1c(cc(cc1)Cl)c1ccc(cc1)Cl
870,16766-29-3,3.5,uci,O(c1cc(c(c(c1(OC))Cl)Cl)Cl)C
871,1687-30-5,0.05,uci,O=C(O)C1CCCCC1(C(=O)O)
872,161050-58-4,1.04,uci,O=C(NN(C(=O)c1cc(cc(c1)C)C)C(C)(C)C)c2cccc(OC)c2C
873,1689-83-4,1.46,uci,N#Cc1cc(c(O)c(c1)I)I
874,1702-17-6,0.0,uci,O=C(O)c1nc(ccc1Cl)Cl
875,17095-24-8,0.79,uci,O=S(=O)(O)OCCS(=O)(=O)c4ccc(N=Nc1c(O)c3c(cc1S(=O)(=O)O)cc(c(N=Nc2ccc(cc2)S(=O)(=O)CCOS(=O)(=O)O)c3(N))S(=O)(=O)O)cc4
876,17109-49-8,1.51,uci,O=P(OCC)(Sc1ccccc1)Sc2ccccc2
877,1712-70-5,2.87,uci,Clc1ccc(cc1)C(=C)C
878,17302-11-3,3.32,uci,CCC(CCCCCC)CC
879,173584-44-6,2.72,uci,O=C(OC)N(C(=O)N2N=C3c1ccc(cc1CC3(OC2)(C(=O)OC))Cl)c4ccc(OC(F)(F)F)cc4
880,123251-96-7,-0.1,uci,Nc1c(cc(cc1Cl)c1cc(c(c(c1)Cl)N)S(=O)(=O)O)S(=O)(=O)O
881,16219-75-3,2.05,uci,CC=C1C2CC(C1)C=C2
882,16090-02-1,1.1,uci,O=S(=O)(O)c5cc(ccc5(C=Cc1ccc(cc1S(=O)(=O)O)Nc2nc(nc(n2)N3CCOCC3)Nc4ccccc4))Nc6nc(nc(n6)N7CCOCC7)Nc8ccccc8
883,149-30-4,0.65,uci,SC1=Nc2c(cccc2)S1
884,1544-19-0,4.35,uci,FC(F)C(F)(F)Oc1ccc(cc1)C(c2ccc(OC(F)(F)C(F)F)cc2)(C)C
885,150114-71-9,2.0,uci,O=C(O)c1nc(cc(N)c1Cl)Cl
886,1502-22-3,0.65,uci,O=C1CCCCC1C2=CCCCC2
887,1506-02-1,2.78,uci,CC1CC(C)(C)c2c(C1(C)C)cc(c(c2)C(=O)C)C
888,15087-24-8,2.47,uci,O=C2C(=Cc1ccccc1)C3CCC2(C)C3(C)(C)
889,15258-73-8,0.43,uci,OCc1c(cccc1Cl)Cl
890,15299-99-7,1.99,uci,O=C(N(CC)CC)C(Oc1cccc2ccccc12)C
891,15302-91-7,0.3,uci,C[N+]1(C)(CCCCC1)
892,153233-91-1,3.46,uci,Fc1cccc(F)c1C3=NC(c2ccc(cc2(OCC))C(C)(C)C)CO3
893,156052-68-5,2.06,uci,O=C(NC(C(=O)CCl)(C)CC)c1cc(c(c(c1)Cl)C)Cl
894,16014-23-6/5281-04-9,0.84,uci,OC(=O)c1cc2ccccc2c(c1O)N=Nc1ccc(cc1S(=O)(=O)O)C
895,1563-66-2,1.08,uci,O=C(Oc2cccc1c2(OC(C)(C)C1))NC
896,156-43-4,0.76,uci,CCOc1ccc(cc1)N
897,1570-64-5,1.28,uci,Cc1c(ccc(c1)Cl)O
898,1582-09-8,3.44,uci,O=[N+]([O-])c1cc(cc(c1N(CCC)CCC)[N+](=O)[O-])C(F)(F)F
899,15862-07-4,3.88,uci,Clc1c(cc(c(c1)Cl)Cl)c1ccccc1
900,15958-19-7,1.07,uci,Oc1ccc2c(c1N=Nc1cc(c(cc1S(=O)(=O)O)Cl)C)cccc2
901,15968-05-5,3.85,uci,c2cc(c(c1c(cccc1Cl)Cl)c(c2)Cl)Cl
902,15972-60-8,1.12,uci,O=C(N(c1c(cccc1CC)CC)COC)CCl
903,1746-01-6,4.79,uci,O1c3cc(c(cc3(Oc2cc(c(cc12)Cl)Cl))Cl)Cl
904,1746-81-2,1.15,uci,O=C(Nc1ccc(cc1)Cl)N(OC)C
905,175013-18-0,2.85,uci,O=C(OC)N(OC)c1ccccc1COc2nn(cc2)c3ccc(cc3)Cl
906,20020-02-4,3.52,uci,Clc1c(c(c(c2c1cccc2)Cl)Cl)Cl
907,1912-24-9,0.73,uci,n1c(nc(nc1NC(C)C)Cl)NCC
908,1918-16-7,1.57,uci,O=C(N(c1ccccc1)C(C)C)CCl
909,1934-21-0,0.23,uci,O=C(O)C2=NN(C(=O)C2(N=Nc1ccc(cc1)S(=O)(=O)O))c3ccc(cc3)S(=O)(=O)O
910,19408-74-3,3.92,uci,O1c3cc(c(c(c3(Oc2c1cc(c(c2Cl)Cl)Cl))Cl)Cl)Cl
911,1945-53-5,1.4,uci,O=C(O)C2(C)(CCCC3(C1=C(C=C(CC1)C(C)C)CCC23)(C))
912,19666-30-9,2.49,uci,O=C1OC(=NN1c2cc(OC(C)C)c(cc2Cl)Cl)C(C)(C)C
913,19780-74-6,3.43,uci,CCCCC(CCC=C)CC
914,198-55-0,2.38,uci,c1ccc2c3c1c1c4c(cccc4ccc1)c3ccc2
915,2008-41-5,2.61,uci,O=C(N(CC(C)C)CC(C)C)SCC
916,175217-20-6,1.99,uci,O=C(NCC=C)c1c(c(C)sc1[Si](C)(C)C)C
917,2027-17-0,4.11,uci,c1ccc2cc(ccc2(c1))C(C)C
918,2032-65-7,1.88,uci,O=C(Oc1cc(c(c(c1)C)SC)C)NC
919,2042-14-0,1.02,uci,Cc1ccc(cc1[N+](=O)[O-])O
920,2050-67-1,2.63,uci,Clc1cccc(c1)c1cccc(c1)Cl
921,2050-68-2,3.58,uci,c1cc(ccc1c2ccc(cc2)Cl)Cl
922,2050-74-0,3.79,uci,c2cc1cccc(c1c(c2)Cl)Cl
923,2050-76-2,1.19,uci,Oc1c(cc(c2c1cccc2)Cl)Cl
924,2051-24-3,4.24,uci,c2(c1c(c(c(c(c1Cl)Cl)Cl)Cl)Cl)c(c(c(c(c2Cl)Cl)Cl)Cl)Cl
925,19044-88-3,1.88,uci,O=[N+]([O-])c1cc(cc(c1N(CCC)CCC)[N+](=O)[O-])S(=O)(=O)N
926,1897-45-6,1.53,uci,N#Cc1c(c(C#N)c(c(c1Cl)Cl)Cl)Cl
927,189278-12-4,2.91,uci,O=C1c2cc(ccc2(N=C(OCCC)N1CCC))I
928,18854-01-8,2.74,uci,n1oc(cc1OP(OCC)(OCC)=S)c2ccccc2
929,1763-23-1,3.73,uci,FC(C(C(C(C(C(C(C(S(=O)(=O)O)(F)F)(F)F)(F)F)(F)F)(F)F)(F)F)(F)F)(F)F
930,17700-09-3,2.2,uci,O=[N+]([O-])c1ccc(c(c1Cl)Cl)Cl
931,1779-48-2,0.36,uci,OP(O)c1ccccc1
932,17804-35-2,1.43,uci,O=C(OC)Nc2nc1ccccc1n2(C(=O)NCCCC)
933,180409-60-3,2.72,uci,O=C(NC(=NOCC1CC1)c2c(F)c(F)ccc2C(F)(F)F)Cc3ccccc3
934,1805-32-9,0.51,uci,OCc1ccc(c(c1)Cl)Cl
935,1806-26-4,2.28,uci,Oc1ccc(cc1)CCCCCCCC
936,18181-70-9,3.62,uci,O(c1cc(c(cc1Cl)I)Cl)P(OC)(OC)=S
937,1825-21-4,4.16,uci,O(c1c(c(c(c(c1Cl)Cl)Cl)Cl)Cl)C
938,1825-31-6,3.75,uci,c1ccc2c(c1)c(ccc2Cl)Cl
939,18259-05-7,4.85,uci,Clc1c(c(c(c(c1c1ccccc1)Cl)Cl)Cl)Cl
940,1836-77-7,3.31,uci,Clc1cc(cc(c1Oc1ccc(cc1)[N+](=O)[O-])Cl)Cl
941,1839-63-0,3.34,uci,CC1CC(CC(C1)C)C
942,1843-05-6,2.01,uci,O=C(c1c(cc(cc1)OCCCCCCCC)O)c1ccccc1
943,1861-32-1,3.41,uci,O=C(OC)c1c(c(c(C(=O)OC)c(c1Cl)Cl)Cl)Cl
944,1861-40-1,3.2,uci,O=[N+]([O-])c1cc(cc(c1N(CC)CCCC)[N+](=O)[O-])C(F)(F)F
945,18708-70-8,2.6,uci,O=[N+]([O-])c1c(cc(cc1Cl)Cl)Cl
946,149961-52-4,1.68,uci,O=C(NC)C(=NOC)c1ccccc1COc2cc(ccc2C)C
947,1740-19-8,2.12,uci,O=C(O)C2(C)(CCCC3(c1ccc(cc1CCC23)C(C)C)(C))
948,129-00-0,2.97,uci,c1c2c3c4c(c1)cccc4ccc3ccc2
949,13150-81-7,3.18,uci,CC(CCCC(CCCC)C)C
950,128639-02-1,2.25,uci,O=C(OCC)C(Cc1cc(c(F)cc1Cl)N2N=C(N(C2(=O))C(F)F)C)Cl
951,129-43-1,2.31,uci,O=C1c2c(cccc2O)C(=O)c2c1cccc2
952,129630-19-9,0.38,uci,O=C(OCC)COc1cc(c(F)cc1Cl)c2nn(c(OC(F)F)c2Cl)C
953,13029-08-8,3.64,uci,Clc1c(cccc1)c1c(cccc1)Cl
954,13071-79-9,2.73,uci,CCOP(=S)(SCSC(C)(C)C)OCC
955,131-09-9,2.31,uci,O=C1c2c(ccc(c2)Cl)C(=O)c2c1cccc2
956,13116-53-5,1.6,uci,ClC(CCl)(CCl)Cl
957,131341-86-1,2.56,uci,N#Cc1c[nH]cc1c3cccc2OC(F)(F)Oc23
958,131-57-7,2.03,uci,O=C(c1c(cc(cc1)OC)O)c1ccccc1
959,133855-98-8/106325-08-0,1.84,uci,Fc1ccc(cc1)C3(OC3(c2ccccc2Cl))(Cn4ncnc4)
960,131807-57-3,3.48,uci,O=C4OC(c2ccc(Oc1ccccc1)cc2)(C(=O)N4(Nc3ccccc3))C
961,1322-93-6,0.6,uci,O=S(=O)(O)c2cc1c(cccc1C(C)C)cc2C(C)C
962,132-64-9,3.19,uci,c1cccc2c1c1ccccc1o2
963,132-65-0,3.11,uci,c1c2c3c(sc2ccc1)cccc3
964,13286-32-3,1.51,uci,O=P(OCC)(OCC)SCc1ccccc1
965,133-06-2,1.98,uci,O=C1N(C(=O)C2CC=CCC12)SC(Cl)(Cl)Cl
966,133-07-3,1.75,uci,O=C1c2ccccc2(C(=O)N1SC(Cl)(Cl)Cl)
967,13356-08-6,2.86,uci,O([Sn](CC(c1ccccc1)(C)C)(CC(c2ccccc2)(C)C)CC(c3ccccc3)(C)C)[Sn](CC(c4ccccc4)(C)C)(CC(c5ccccc5)(C)C)CC(c6ccccc6)(C)C
968,128-37-0,3.12,uci,Oc1c(cc(cc1C(C)(C)C)C)C(C)(C)C
969,127-90-2,3.39,uci,ClC(Cl)(Cl)C(COCC(C(Cl)(Cl)Cl)Cl)Cl
970,127-68-4,0.7,uci,O=[N+]([O-])c1cccc(c1)S(=O)(=O)O
971,127-27-5,1.92,uci,O=C(O)C2(C)(CCCC3(C)(C1C(=CC(C=C)(C)CC1)CCC23))
972,123-48-8,3.29,uci,CC(CC(=CC(C)(C)C)C)(C)C
973,1490-04-6/2216-51-5,1.04,uci,OC1CC(C)CCC1(C(C)C)
974,123-63-7,0.28,uci,CC1OC(OC(O1)C)C
975,123-91-1,-0.29,uci,C1COCCO1
976,124-11-8,3.18,uci,CCCCCCCC=C
977,1241-94-7,2.59,uci,O=P(Oc1ccccc1)(Oc1ccccc1)OCC(CCCC)CC
978,124495-18-7,3.7,uci,Fc3ccc(Oc2ccnc1cc(cc(c12)Cl)Cl)cc3
979,125116-23-6,2.11,uci,OC3(Cn1ncnc1)(C(Cc2ccc(cc2)Cl)CCC3(C)(C))
980,126-30-7,0.42,uci,CC(CO)(CO)C
981,126-33-0,0.62,uci,O=S1(=O)CCCC1
982,126448-41-7/135158-54-2,2.07,uci,OC(c2cccc1nnsc12)=S
983,126690-66-2,3.29,uci,CC(C=C(CC(C)C)C)C
984,126-72-7,0.45,uci,O=P(OCC(CBr)Br)(OCC(CBr)Br)OCC(CBr)Br
985,126-73-8,1.38,uci,O=P(OCCCC)(OCCCC)OCCCC
986,126833-17-8,2.2,uci,O=C(Nc1ccc(O)c(c1Cl)Cl)C2(C)(CCCCC2)
987,127-18-4,1.78,uci,ClC(=C(Cl)Cl)Cl
988,127-20-8,0.76,uci,O=C(O)C(C)(Cl)Cl
989,13358-11-7,3.07,uci,O=C1N(C(=O)C3C1C2(C=CC3(CC2)C(C)C)(C))CC(CC)CCCC
990,131983-72-7,0.78,uci,O=C(OCC)C1CC(=O)C(C(=O)C1)=C(O)C2CC2
991,134098-61-6,3.2,uci,O=C(OC(C)(C)C)c1ccc(cc1)CON=Cc3c(nn(c3(Oc2ccccc2))C)C
992,145-73-3,-0.4,uci,O=C(O)C2C1OC(CC1)C2(C(=O)O)
993,141517-21-7,2.63,uci,O=C(OC)C(=NOC)c1ccccc1CON=C(c2cccc(c2)C(F)(F)F)C
994,141-93-5,2.77,uci,CCc1cc(ccc1)CC
995,142459-58-3,1.85,uci,O=C(N(c1ccc(F)cc1)C(C)C)COc2nnc(C(F)(F)F)s2
996,142891-20-1,1.38,uci,O=C(OCC)C(=Cc1cc(ccc1Cl)N2C(=O)C3=C(C2(=O))CCCC3)Cl
997,142-96-1,1.89,uci,CCCCOCCCC
998,143390-89-0,2.34,uci,O=C(OC)C(=NOC)c1ccccc1COc2ccccc2C
999,144-19-4,-0.16,uci,CC(C(C(C)C)O)(CO)C
1000,145701-23-1,0.18,uci,O=S(=O)(Nc1c(F)cccc1(F))c2nc3c(F)cnc(OC)n3(n2)
1001,1460-02-2,4.38,uci,CC(c1cc(cc(c1)C(C)(C)C)C(C)(C)C)(C)C
1002,140923-17-7,1.0,uci,O=C(OC(C)C)NC(C(=O)NC(c1ccc(cc1)C)C)C(C)C
1003,1461-22-9,3.3,uci,CCCC[Sn](CCCC)(CCCC)Cl
1004,1461-25-2,2.27,uci,CCCC[Sn](CCCC)(CCCC)CCCC
1005,1477-55-0,0.19,uci,NCc1cc(ccc1)CN
1006,14800-24-9,0.18,uci,c1ccc(cc1)C[N+](C)(C)C
1007,14816-18-3,2.89,uci,S=P(ON=C(c1ccccc1)C#N)(OCC)OCC
1008,148477-71-8,0.15,uci,O=C1OC3(C(OC(=O)C(C)(C)CC)=C1c2cc(cc(c2)Cl)Cl)(CCCCC3)
1009,148-75-4,0.3,uci,OS(=O)(=O)c1c(cc2c(c1)cc(cc2)S(=O)(=O)O)O
1010,148-79-8,1.98,uci,n1cscc1c2nc3ccccc3([nH]2)
1011,141112-29-0,1.04,uci,O=C(c1cnoc1C2CC2)c3ccc(cc3S(=O)(=O)C)C(F)(F)F
1012,143-50-0,3.19,uci,O=C1C2(C3(C4(C1(C5(C2(C3(C(C45Cl)(Cl)Cl)Cl)Cl)Cl)Cl)Cl)Cl)Cl
1013,140-66-9,2.46,uci,Oc1ccc(cc1)C(C)(C)CC(C)(C)C
1014,13654-09-6,0.67,uci,Brc1c(c(c(c(c1c1c(c(c(c(c1Br)Br)Br)Br)Br)Br)Br)Br)Br
1015,134-32-7,1.44,uci,Nc1c2c(ccc1)cccc2
1016,134-62-3,0.34,uci,O=C(c1cc(ccc1)C)N(CC)CC
1017,13464-24-9,1.59,uci,Oc1ccc(cc1)C(=C)CC(c2ccc(O)cc2)(C)C
1018,13475-82-6,3.1,uci,CC(CC(CC(C)(C)C)C)(C)C
1019,13540-50-6,3.23,uci,Cc1ccc(cc1Cc1ccccc1)C
1020,13560-89-9,2.03,uci,C2(=C(C3(C1CCC4C(CCC1C2(C3(Cl)Cl)Cl)C5(C(=C(C4(C5(Cl)Cl)Cl)Cl)Cl)Cl)Cl)Cl)Cl
1021,135-88-6,2.38,uci,c1c2c(ccc1Nc1ccccc1)cccc2
1022,136426-54-5,1.94,uci,O=C2c4cc(F)ccc4(N=C(n1ncnc1)N2c3ccc(cc3Cl)Cl)
1023,134-47-4,0.02,uci,O=C(Nc1cc2cc(cc(c2cc1)O)S(=O)(=O)O)Nc1cc2cc(cc(c2cc1)O)S(=O)(=O)O
1024,13674-84-5,0.69,uci,O=P(OC(CCl)C)(OC(CCl)C)OC(CCl)C
1025,13674-87-8,1.18,uci,O=P(OC(CCl)CCl)(OC(CCl)CCl)OC(CCl)CCl
1026,13684-56-5,2.2,uci,O=C(Oc1cccc(c1)NC(=O)OCC)Nc2ccccc2
1027,13684-63-4,2.22,uci,O=C(Oc1cccc(c1)NC(=O)OC)Nc2cccc(c2)C
1028,137-26-8,0.54,uci,C(N(C)C)(=S)SSC(N(C)C)=S
1029,137641-05-5,2.76,uci,O=C(Nc1ccc(F)cc1)c3nc(Oc2cccc(c2)C(F)(F)F)ccc3
1030,13936-21-5,3.02,uci,O=C1c2c(ccc(c2)CCCCC)C(=O)c2c1cccc2
1031,22967-92-6,2.5024271199844326,eco,C[Hg+]
1032,2212-67-1,1.414973347970818,eco,CCSC(=O)N1CCCCCC1
1033,2163-80-6,1.2430380486862944,eco,[Na+].C[As](O)([O-])=O
1034,2597-03-7,1.7481880270062005,eco,CCOC(=O)C(S[P](=S)(OC)OC)c1ccccc1
1035,25429-29-2,3.705007959333336,eco,Clc1c(Cl)c(Cl)c(c2ccccc2)c(Cl)c1Cl
1036,272451-65-7,0.15956719323362029,eco,Cc1cc(ccc1NC(=O)c2cccc(I)c2C(=O)NC(C)(C)C[S](C)(=O)=O)C(F)(C(F)(F)F)C(F)(F)F
1037,2719-61-1,2.4712917110589387,eco,CCCCCCCCCCC(C)c1ccccc1
1038,18472-51-0,1.6232492903979006,eco,NC(Nc1ccc(Cl)cc1)=NC(N)=NCCCCCCN=C(N)N=C(N)Nc2ccc(Cl)cc2.OC[C@@H](O)[C@@H](O)[C@H](O)[C@@H](O)C(O)=O.OC[C@@H](O)[C@@H](O)[C@H](O)[C@@H](O)C(O)=O
1039,195209-93-9,-0.6777807052660807,eco,CC(C)OC(=O)C(C(=O)OC(C)C)Cl
1040,1987-50-4,2.7442929831226763,eco,CCCCCCCc1ccc(O)cc1
1041,20076-86-2,-1.0501222959631251,eco,CC1=C(C(O)=O)C(=O)C(=C(O)S1)c2ccccc2
1042,2008-39-1,-0.7099653886374819,eco,CNC.OC(=O)COc1ccc(Cl)cc1Cl
1043,2008-58-4,1.1760912590556813,eco,NC(=O)c1c(Cl)cccc1Cl
1044,2012-00-2,0.6232492903979004,eco,CCO[P](=O)(Oc1ccc(cc1)[N+]([O-])=O)c2ccccc2
1045,2795-39-3,2.6637951222194074,eco,[K+].[O-][S](=O)(=O)C(F)(F)C(F)(F)C(F)(F)C(F)(F)C(F)(F)C(F)(F)C(F)(F)C(F)(F)F
1046,28300-74-5,0.5314789170422551,eco,O.O.O.[K+].[K+].[O-]C(=O)C1O[Sb]2OC(C(O[Sb]3OC1C(=O)O3)C([O-])=O)C(=O)O2
1047,33979-03-2,3.5185139398778875,eco,Clc1cc(Cl)c(c(Cl)c1)c2c(Cl)cc(Cl)cc2Cl
1048,34364-42-6,3.448242412634439,eco,CC(C)c1cc(O[P](=O)(Oc2ccccc2)Oc3ccccc3)cc(c1)c4ccccc4
1049,36653-82-4,3.089905111439398,eco,CCCCCCCCCCCCCCCCO
1050,33284-52-5,1.0334237554869496,eco,Clc1cc(Cl)cc(c1)c2cc(Cl)cc(Cl)c2
1051,33213-65-9,3.9959859979137993,eco,ClC1=C(Cl)C2(Cl)[C@@H]3CO[S](=O)OC[C@@H]3[C@@]1(Cl)C2(Cl)Cl
1052,29122-68-7,-0.9788107009300618,eco,CC(C)NCC(O)COc1ccc(CC(N)=O)cc1
1053,298-46-4,-0.09691001300805639,eco,NC(=O)N1c2ccccc2C=Cc3ccccc13
1054,319-84-6,3.161368002234975,eco,ClC1C(Cl)C(Cl)C(Cl)C(Cl)C1Cl
1055,3211-76-5,1.7671558660821804,eco,C[Se]CC[C@H](N)C(O)=O
1056,3251-23-8,2.0,eco,[Cu++].[O-][N+]([O-])=O.[O-][N+]([O-])=O
1057,174300-34-6,-0.1938200260161128,eco,CC(C)OC(=O)C(C(=O)OC(C)C)(Cl)Cl
1058,110-16-7,1.0,eco,OC(=O)\C=C\C(O)=O
1059,11097-69-1,5.014184397501279,eco,Clc1cccc(c1Cl)c2ccc(Cl)c(Cl)c2Cl
1060,112-27-6,3.230448921378274,eco,OCCOCCOCCO
1061,114012-04-3,-0.6108339156354675,eco,COP(=S)(OC)OC1=C(C=C(C=C1)Cl)[N+]#[C-]
1062,115-09-3,2.161368002234975,eco,C[Hg]Cl
1063,117-84-0,3.9731278535996988,eco,CCCCCCCCOC(=O)c1ccccc1C(=O)OCCCCCCCC
1064,10325-94-7,2.0,eco,[Cd++].O[N+]([O-])=O.O[N+]([O-])=O
1065,37853-59-1,1.4107772333772097,eco,Brc1cc(Br)c(OCCOc2c(Br)cc(Br)cc2Br)c(Br)c1
1066,10102-06-4,4.623249290397901,eco,O(|[U](|O[N+]([O-])=O)(=O)=O)[N+]([O-])=O
1067,10102-18-8,1.904715545278681,eco,[Na+].[Na+].[O-][Se]([O-])=O
1068,10108-64-2,0.010723865391773066,eco,[Cl-].[Cl-].[Cd++]
1069,10124-36-4,0.6434526764861874,eco,[Cd++].[O-][S]([O-])(=O)=O
1070,10161-33-8,1.1139433523068367,eco,C[C@]12C=CC3=C4CCC(=O)C=C4CC[C@H]3[C@@H]1CC[C@@H]2O
1071,103-23-1,1.4313637641589874,eco,CCCCC(CC)COC(=O)CCCCC(=O)OCC(CC)CCCC
1072,107-13-1,1.6812412373755872,eco,C=CC#N
1073,1067-14-7,0.3010299956639812,eco,[Cl]|[Pb](CC)(CC)CC
1074,107-02-8,2.53655844257153,eco,C=CC=O
1075,107-06-2,0.3010299956639812,eco,ClCCCl
1076,12002-48-1,3.0565237240791006,eco,Clc1cccc(Cl)c1Cl
1077,15307-79-6,3.6989700043360187,eco,[Na+].[O-]C(=O)Cc1ccccc1Nc2c(Cl)cccc2Cl
1078,1327-53-3,0.6020599913279624,eco,[O--].[O--].[O--].[As+3].[As+3]
1079,1336-36-3,4.6127838567197355,eco,Clc1cc(cc(Cl)c1Cl)c2cc(Cl)c(Cl)c(Cl)c2
1080,13410-01-0,3.6532125137753435,eco,[Na+].[Na+].[O-][Se]([O-])(=O)=O
1081,13463-67-7,2.014436527831672,eco,O=[Ti]=O
1082,1520-78-1,0.0,eco,[Cl]|[Pb](C)(C)C
1083,15498-87-0,0.15228834438305647,eco,[Na+].[Na+].[O-][Se]([O-])=O
1084,155569-91-8,1.8721562727482928,eco,CC[C@H](C)[C@H]1O[C@@]2(C[C@@H]3C[C@@H](C\C=C(C)\[C@@H](O[C@H]4C[C@H](OC)[C@@H](O[C@H]5C[C@H](OC)[C@@H]([NH2+]C)[C@H](C)O5)[C@H](C)O4)[C@@H](C)/C=C/C=C/6CO[C@@H]7[C@H](O)C(=C[C@@H](C(=O)O3)[C@]67O)C)O2)C=C[C@@H]1C.[O-]C(=O)c8ccccc8
1085,16372-96-6,0.5165353738957996,eco,Brc1cc(Br)cc(c1)c2ccccc2
1086,16400-50-3,1.2576785748691846,eco,Brc1cc(Br)cc(c1)c2cc(Br)cc(Br)c2
1087,1691-99-2,5.6020599913279625,eco,CCN(CCO)[S](=O)(=O)C(F)(F)C(F)(F)C(F)(F)C(F)(F)C(F)(F)C(F)(F)C(F)(F)C(F)(F)F
1088,1317-38-0,-0.4814860601221126,eco,O=[Cu]
1089,131-55-5,0.029383777685209667,eco,Oc1ccc(c(O)c1)C(=O)c2ccc(O)cc2O
1090,123-31-9,1.6020599913279623,eco,Oc1ccc(O)cc1
1091,12672-29-6,4.694605198933568,eco,Clc1cc(Cl)cc(c1)c2cc(Cl)cc(Cl)c2
1092,1314-13-2,0.35793484700045375,eco,O=[Zn]
1093,12674-11-2,4.0,eco,Clc1cccc(c1)c2cc(Cl)cc(Cl)c2
1094,12789-03-6,4.160303425817115,eco,ClC1CC2C(C1Cl)C3(Cl)C(=C(Cl)C2(Cl)C3(Cl)Cl)Cl
1095,128-39-2,2.8195439355418688,eco,CC(C)(C)c1cccc(c1O)C(C)(C)C
1096,1303-28-2,0.26717172840301384,eco,O=[As](=O)O[As](=O)=O
1097,131-11-3,1.7558748556724915,eco,COC(=O)c1ccccc1C(=O)OC
1098,7782-49-2,1.1398790864012365,eco,[Se]
1099,7733-02-0,1.437036719113488,eco,[Zn++].[O-][S]([O-])(=O)=O
1100,7745-89-3,1.9444826721501687,eco,[H+].[Cl-].Cc1ccc(N)cc1Cl
1101,7758-94-3,0.8750612633917001,eco,O|[Fe++](|O)(|O)|O.[Cl-].[Cl-]
1102,7758-98-7,1.8027737252919758,eco,[Cu++].[O-][S]([O-])(=O)=O
1103,7761-88-8,-1.2218487496163564,eco,[Ag+].[O-][N+]([O-])=O
1104,7773-01-5,1.250420002308894,eco,O.O.O.O.[Cl-].[Cl-].[Mn++]
1105,7778-43-0,0.6020599913279624,eco,[Na+].O[As](O)(O)=O
1106,7783-00-8,1.3010299956639813,eco,O[Se](O)=O
1107,7718-54-9,-1.136677139879544,eco,[Cl-].[Cl-].[Ni++]
1108,7787-47-5,-0.12205304837081175,eco,[Be++].[Cl-].[Cl-]
1109,78-00-2,2.113943352306837,eco,CC[Pb](CC)(CC)CC
1110,78-32-0,3.1720188094245563,eco,Cc1ccc(O[P](=O)(Oc2ccc(C)cc2)Oc3ccc(C)cc3)cc1
1111,786-19-6,2.8920946026904804,eco,CCO[P](=S)(OCC)SCSc1ccc(Cl)cc1
1112,789-02-6,2.1072099696478683,eco,Clc1ccc(cc1)C(c2ccccc2Cl)C(Cl)(Cl)Cl
1113,7727-18-6,-0.4559319556497244,eco,Cl|[V](|Cl)(|Cl)=O
1114,7439-96-5,2.342422680822206,eco,[Mn]
1115,7487-94-7,3.3473300153169503,eco,[Cl-].[Cl-].[Hg++]
1116,7440-24-6,0.9777236052888477,eco,[Sr]
1117,7440-43-9,-0.3979400086720376,eco,[Cd++]
1118,7440-46-2,0.3979400086720376,eco,[Cs]
1119,7440-48-4,-0.1366771398795441,eco,[Co]
1120,7440-50-8,2.568201724066995,eco,[Cu]
1121,7440-66-6,0.0,eco,[Zn]
1122,7446-18-6,1.5314789170422551,eco,[Tl+].[Tl+].[O-][S]([O-])(=O)=O
1123,7447-39-4,1.0374264979406236,eco,[Cl-].[Cl-].[Cu++]
1124,75-60-5,-0.07058107428570722,eco,C[As](C)(O)=O
1125,7681-82-5,2.037426497940624,eco,[Na+].[I-]
1126,76-01-7,1.8260748027008264,eco,ClC(Cl)C(Cl)(Cl)Cl
1127,7601-89-0,-0.8696662315049939,eco,[Na+].[O-][Cl](=O)(=O)=O
1128,7646-79-9,-0.26760624017703144,eco,[Cl-].[Cl-].[Co++]
1129,7646-85-7,0.8129133566428556,eco,[Cl-].[Cl-].[Zn++]
1130,7647-15-6,1.5713593927538396,eco,[Na+].[Br-]
1131,7647-17-8,0.6334684555795865,eco,[Cl-].[Cs+]
1132,8001-35-2,4.292256071356476,eco,ClCC1(CCl)C(=C)C2(Cl)C(Cl)C(Cl)C1(Cl)C2(Cl)Cl
1133,91465-08-6,2.811206235204958,eco,CC1(C)[C@@H](\C=C(/Cl)C(F)(F)F)[C@H]1C(=O)OC(C#N)c2cccc(Oc3ccccc3)c2
1134,91-64-5,1.0,eco,O=C1Oc2ccccc2C=C1
1135,92-87-5,1.916453948549925,eco,Nc1ccc(cc1)c2ccc(N)cc2
1136,959-98-8,4.041155732629711,eco,ClC1=C(Cl)C2(Cl)[C@H]3CO[S](=O)OC[C@H]3[C@]1(Cl)C2(Cl)Cl
1137,96300-95-7,2.9253120914996495,eco,CC(C)CCCCCCCO[P](=O)(Oc1ccccc1)Oc2ccccc2.O=[P](Oc3ccccc3)(Oc4ccccc4)Oc5ccccc5
1138,96300-97-9,3.650598898172657,eco,CC(C)c1ccccc1O[P](=O)(Oc2ccccc2)Oc3ccccc3.O=[P](Oc4ccccc4)(Oc5ccccc5)Oc6ccccc6
1139,84-66-2,2.0681858617461617,eco,CCOC(=O)c1ccccc1C(=O)OCC
1140,7440-08-6,0.6020599913279624,eco,[Po]
1141,7439-92-1,1.5185139398778875,eco,[Pb]
1142,52645-53-1,2.6638892986226614,eco,CC1(C)[C@@H](C=C(Cl)Cl)[C@H]1C(=O)OCc2cccc(Oc3ccccc3)c2
1143,53469-21-9,4.313107595194996,eco,Clc1ccc(c(Cl)c1)c2ccc(Cl)cc2Cl
1144,56296-78-7,1.7745169657285496,eco,[H+].[Cl-].CNCCC(Oc1ccc(cc1)C(F)(F)F)c2ccccc2
1145,52303-69-2,-0.7958800173440752,eco,CC(C)OC(=O)C(C(=O)OC(C)C)=C1SCC[S]1=O
1146,563-04-2,2.838849090737255,eco,Cc1cccc(O[P](=O)(Oc2cccc(C)c2)Oc3cccc(C)c3)c1
1147,56803-37-3,2.9733587998863977,eco,CC(C)(C)c1ccc(O[P](=O)(Oc2ccccc2)Oc3ccccc3)cc1
1148,57-63-6,2.8027737252919755,eco,C[C@]12CC[C@H]3[C@@H](CCc4cc(O)ccc34)[C@@H]1CC[C@@]2(O)C#C
1149,520-45-6,2.1476763242410986,eco,CC(=O)C1C(=O)OC(=CC1=O)C
1150,7439-89-6,0.785329835010767,eco,[Fe]
1151,38638-05-0,2.8394780473741985,eco,CC(C)CC(C)CC(C)c1ccc(O[P](=O)(Oc2ccccc2)Oc3ccccc3)cc1
1152,39227-61-7,2.90848501887865,eco,Clc1ccc2Oc3c(Cl)c(Cl)c(Cl)c(Cl)c3Oc2c1
1153,39485-83-1,3.3654879848909,eco,Clc1ccc(c(Cl)c1)c2c(Cl)cc(Cl)cc2Cl
1154,4404-43-7,1.0969100130080565,eco,OCCN(CCO)c1nc(Nc2ccccc2)nc(Nc3ccc(\C=C\c4ccc(Nc5nc(Nc6ccccc6)nc(n5)N(CCO)CCO)cc4[S](O)(=O)=O)c(c3)[S](O)(=O)=O)n1
1155,471-74-9,1.7520484478194385,eco,C[C@@]1(CC[C@H]2C(=C1)CC[C@@H]3[C@]2(C)CCC[C@@]3(C)C(O)=O)C=C
1156,50-04-4,1.0,eco,CC(=O)OCC(=O)[C@@]1(O)CC[C@H]2[C@@H]3CCC4=CC(=O)CC[C@]4(C)[C@H]3C(=O)C[C@]12C
1157,506-64-9,1.3010299956639813,eco,[Ag+].[C-]#N
1158,50-84-0,1.0,eco,OC(=O)c1ccc(Cl)cc1Cl
1159,5103-71-9,4.113943352306837,eco,ClC1CC2C(C1Cl)C3(Cl)C(=C(Cl)C2(Cl)C3(Cl)Cl)Cl
1160,586-76-5,1.0,eco,OC(=O)c1ccc(Br)cc1
1161,58-73-1,1.424881636631067,eco,CN(C)CCOC(c1ccccc1)c2ccccc2
1162,678-39-7,2.469822015978163,eco,OCCC(F)(F)C(F)(F)C(F)(F)C(F)(F)C(F)(F)C(F)(F)C(F)(F)C(F)(F)F
1163,68-19-9,0.47712125471966244,eco,CC1=CC2=C(C=C1C)N(C=N2)C3C(C(C(O3)CO)OP(=O)([O-])OC(C)CNC(=O)CCC4(C(C5C6(C(C(C(=C(C7=NC(=CC8=NC(=C(C4=N5)C)C(C8(C)C)CCC(=O)N)C(C7(C)CC(=O)N)CCC(=O)N)C)[N-]6)CCC(=O)N)(C)CC(=O)N)C)CC(=O)N)C)O.[C-]#N.[Co+3]
1164,70288-86-7,1.7481880270062005,eco,CCC(C)[C@H]1O[C@]2(CC[C@@H]1C)C[C@@H]3C[C@@H](C/C=C(C)/[C@@H](O[C@H]4C[C@H](OC)[C@@H](O[C@H]5C[C@H](OC)[C@@H](O)[C@H](C)O5)[C@H](C)O4)[C@@H](C)/C=C/C=C/6CO[C@@H]7[C@H](O)C(=C[C@@H](C(=O)O3)[C@]67O)C)O2.CO[C@H]8C[C@@H](O[C@@H](C)[C@@H]8O)O[C@H]9[C@H](C)O[C@H](C[C@@H]9OC)O[C@H]\%10[C@@H](C)/C=C/C=C/%11CO[C@@H]%12[C@H](O)C(=C[C@@H](C(=O)O[C@H]%13C[C@@H](C/C=C%10C)O[C@@]%14(CC[C@H](C)[C@H](O%14)C(C)C)C%13)[C@]%11%12O)C
1165,58-89-9,3.1215598441875008,eco,ClC1C(Cl)C(Cl)C(Cl)C(Cl)C1Cl
1166,72-20-8,3.806179973983887,eco,ClC1=C(Cl)C2(Cl)C3C4CC(C5OC45)C3C1(Cl)C2(Cl)Cl
1167,72416-87-6,1.6408291308613923,eco,Brc1ccc(cc1)c2cc(Br)cc(Br)c2
1168,73606-19-6,2.264826438004844,eco,C(C(C(C(F)(F)Cl)(F)F)(F)F)(C(C(OC(C(F)(F)S(=O)(=O)[O-])(F)F)(F)F)(F)F)(F)F.[K+]
1169,65310-45-4,1.568201724066995,eco,CC(C)c1cc2CC[C@H]3[C@@](C)(CCC[C@]3(C)c2cc1Cl)C(O)=O
1170,593-57-7,1.5314789170422551,eco,C[AsH]C
1171,59756-60-4,0.6893088591236202,eco,CN1C=C(c2ccccc2)C(=O)C(=C1)c3cccc(c3)C(F)(F)F
1172,60-00-4,0.13033376849500614,eco,OC(=O)CN(CCN(CC(O)=O)CC(O)=O)CC(O)=O
1173,60-57-1,3.6464037262230695,eco,ClC1=C(Cl)C2(Cl)C3C4CC(C5OC45)C3C1(Cl)C2(Cl)Cl
1174,64700-56-7,0.7201593034059569,eco,CCCCOCCOC(=O)COc1nc(Cl)c(Cl)cc1Cl
